section,emoji_handle,emoji_image,emoji_link
People,bowtie,,http://www.webpagefx.com/tools/emoji-cheat-sheet/graphics/emojis/bowtie.png
People,smile,,http://www.webpagefx.com/tools/emoji-cheat-sheet/graphics/emojis/smile.png
People,simple_smile,,http://www.webpagefx.com/tools/emoji-cheat-sheet/graphics/emojis/simple_smile.png
People,laughing,,http://www.webpagefx.com/tools/emoji-cheat-sheet/graphics/emojis/laughing.png
People,blush,,http://www.webpagefx.com/tools/emoji-cheat-sheet/graphics/emojis/blush.png
People,smiley,,http://www.webpagefx.com/tools/emoji-cheat-sheet/graphics/emojis/smiley.png
People,relaxed,,http://www.webpagefx.com/tools/emoji-cheat-sheet/graphics/emojis/relaxed.png
People,smirk,,http://www.webpagefx.com/tools/emoji-cheat-sheet/graphics/emojis/smirk.png
People,heart_eyes,,http://www.webpagefx.com/tools/emoji-cheat-sheet/graphics/emojis/heart_eyes.png
People,kissing_heart,,http://www.webpagefx.com/tools/emoji-cheat-sheet/graphics/emojis/kissing_heart.png
People,kissing_closed_eyes,,http://www.webpagefx.com/tools/emoji-cheat-sheet/graphics/emojis/kissing_closed_eyes.png
People,flushed,,http://www.webpagefx.com/tools/emoji-cheat-sheet/graphics/emojis/flushed.png
People,relieved,,http://www.webpagefx.com/tools/emoji-cheat-sheet/graphics/emojis/relieved.png
People,satisfied,,http://www.webpagefx.com/tools/emoji-cheat-sheet/graphics/emojis/satisfied.png
People,grin,,http://www.webpagefx.com/tools/emoji-cheat-sheet/graphics/emojis/grin.png
People,wink,,http://www.webpagefx.com/tools/emoji-cheat-sheet/graphics/emojis/wink.png
People,stuck_out_tongue_winking_eye,,http://www.webpagefx.com/tools/emoji-cheat-sheet/graphics/emojis/stuck_out_tongue_winking_eye.png
People,stuck_out_tongue_closed_eyes,,http://www.webpagefx.com/tools/emoji-cheat-sheet/graphics/emojis/stuck_out_tongue_closed_eyes.png
People,grinning,,http://www.webpagefx.com/tools/emoji-cheat-sheet/graphics/emojis/grinning.png
People,kissing,,http://www.webpagefx.com/tools/emoji-cheat-sheet/graphics/emojis/kissing.png
People,kissing_smiling_eyes,,http://www.webpagefx.com/tools/emoji-cheat-sheet/graphics/emojis/kissing_smiling_eyes.png
People,stuck_out_tongue,,http://www.webpagefx.com/tools/emoji-cheat-sheet/graphics/emojis/stuck_out_tongue.png
People,sleeping,,http://www.webpagefx.com/tools/emoji-cheat-sheet/graphics/emojis/sleeping.png
People,worried,,http://www.webpagefx.com/tools/emoji-cheat-sheet/graphics/emojis/worried.png
People,frowning,,http://www.webpagefx.com/tools/emoji-cheat-sheet/graphics/emojis/frowning.png
People,anguished,,http://www.webpagefx.com/tools/emoji-cheat-sheet/graphics/emojis/anguished.png
People,open_mouth,,http://www.webpagefx.com/tools/emoji-cheat-sheet/graphics/emojis/open_mouth.png
People,grimacing,,http://www.webpagefx.com/tools/emoji-cheat-sheet/graphics/emojis/grimacing.png
People,confused,,http://www.webpagefx.com/tools/emoji-cheat-sheet/graphics/emojis/confused.png
People,hushed,,http://www.webpagefx.com/tools/emoji-cheat-sheet/graphics/emojis/hushed.png
People,expressionless,,http://www.webpagefx.com/tools/emoji-cheat-sheet/graphics/emojis/expressionless.png
People,unamused,,http://www.webpagefx.com/tools/emoji-cheat-sheet/graphics/emojis/unamused.png
People,sweat_smile,,http://www.webpagefx.com/tools/emoji-cheat-sheet/graphics/emojis/sweat_smile.png
People,sweat,,http://www.webpagefx.com/tools/emoji-cheat-sheet/graphics/emojis/sweat.png
People,disappointed_relieved,,http://www.webpagefx.com/tools/emoji-cheat-sheet/graphics/emojis/disappointed_relieved.png
People,weary,,http://www.webpagefx.com/tools/emoji-cheat-sheet/graphics/emojis/weary.png
People,pensive,,http://www.webpagefx.com/tools/emoji-cheat-sheet/graphics/emojis/pensive.png
People,disappointed,,http://www.webpagefx.com/tools/emoji-cheat-sheet/graphics/emojis/disappointed.png
People,confounded,,http://www.webpagefx.com/tools/emoji-cheat-sheet/graphics/emojis/confounded.png
People,fearful,,http://www.webpagefx.com/tools/emoji-cheat-sheet/graphics/emojis/fearful.png
People,cold_sweat,,http://www.webpagefx.com/tools/emoji-cheat-sheet/graphics/emojis/cold_sweat.png
People,persevere,,http://www.webpagefx.com/tools/emoji-cheat-sheet/graphics/emojis/persevere.png
People,cry,,http://www.webpagefx.com/tools/emoji-cheat-sheet/graphics/emojis/cry.png
People,sob,,http://www.webpagefx.com/tools/emoji-cheat-sheet/graphics/emojis/sob.png
People,joy,,http://www.webpagefx.com/tools/emoji-cheat-sheet/graphics/emojis/joy.png
People,astonished,,http://www.webpagefx.com/tools/emoji-cheat-sheet/graphics/emojis/astonished.png
People,scream,,http://www.webpagefx.com/tools/emoji-cheat-sheet/graphics/emojis/scream.png
People,neckbeard,,http://www.webpagefx.com/tools/emoji-cheat-sheet/graphics/emojis/neckbeard.png
People,tired_face,,http://www.webpagefx.com/tools/emoji-cheat-sheet/graphics/emojis/tired_face.png
People,angry,,http://www.webpagefx.com/tools/emoji-cheat-sheet/graphics/emojis/angry.png
People,rage,,http://www.webpagefx.com/tools/emoji-cheat-sheet/graphics/emojis/rage.png
People,triumph,,http://www.webpagefx.com/tools/emoji-cheat-sheet/graphics/emojis/triumph.png
People,sleepy,,http://www.webpagefx.com/tools/emoji-cheat-sheet/graphics/emojis/sleepy.png
People,yum,,http://www.webpagefx.com/tools/emoji-cheat-sheet/graphics/emojis/yum.png
People,mask,,http://www.webpagefx.com/tools/emoji-cheat-sheet/graphics/emojis/mask.png
People,sunglasses,,http://www.webpagefx.com/tools/emoji-cheat-sheet/graphics/emojis/sunglasses.png
People,dizzy_face,,http://www.webpagefx.com/tools/emoji-cheat-sheet/graphics/emojis/dizzy_face.png
People,imp,,http://www.webpagefx.com/tools/emoji-cheat-sheet/graphics/emojis/imp.png
People,smiling_imp,,http://www.webpagefx.com/tools/emoji-cheat-sheet/graphics/emojis/smiling_imp.png
People,neutral_face,,http://www.webpagefx.com/tools/emoji-cheat-sheet/graphics/emojis/neutral_face.png
People,no_mouth,,http://www.webpagefx.com/tools/emoji-cheat-sheet/graphics/emojis/no_mouth.png
People,innocent,,http://www.webpagefx.com/tools/emoji-cheat-sheet/graphics/emojis/innocent.png
People,alien,,http://www.webpagefx.com/tools/emoji-cheat-sheet/graphics/emojis/alien.png
People,yellow_heart,,http://www.webpagefx.com/tools/emoji-cheat-sheet/graphics/emojis/yellow_heart.png
People,blue_heart,,http://www.webpagefx.com/tools/emoji-cheat-sheet/graphics/emojis/blue_heart.png
People,purple_heart,,http://www.webpagefx.com/tools/emoji-cheat-sheet/graphics/emojis/purple_heart.png
People,heart,,http://www.webpagefx.com/tools/emoji-cheat-sheet/graphics/emojis/heart.png
People,green_heart,,http://www.webpagefx.com/tools/emoji-cheat-sheet/graphics/emojis/green_heart.png
People,broken_heart,,http://www.webpagefx.com/tools/emoji-cheat-sheet/graphics/emojis/broken_heart.png
People,heartbeat,,http://www.webpagefx.com/tools/emoji-cheat-sheet/graphics/emojis/heartbeat.png
People,heartpulse,,http://www.webpagefx.com/tools/emoji-cheat-sheet/graphics/emojis/heartpulse.png
People,two_hearts,,http://www.webpagefx.com/tools/emoji-cheat-sheet/graphics/emojis/two_hearts.png
People,revolving_hearts,,http://www.webpagefx.com/tools/emoji-cheat-sheet/graphics/emojis/revolving_hearts.png
People,cupid,,http://www.webpagefx.com/tools/emoji-cheat-sheet/graphics/emojis/cupid.png
People,sparkling_heart,,http://www.webpagefx.com/tools/emoji-cheat-sheet/graphics/emojis/sparkling_heart.png
People,sparkles,,http://www.webpagefx.com/tools/emoji-cheat-sheet/graphics/emojis/sparkles.png
People,star,,http://www.webpagefx.com/tools/emoji-cheat-sheet/graphics/emojis/star.png
People,star2,,http://www.webpagefx.com/tools/emoji-cheat-sheet/graphics/emojis/star2.png
People,dizzy,,http://www.webpagefx.com/tools/emoji-cheat-sheet/graphics/emojis/dizzy.png
People,boom,,http://www.webpagefx.com/tools/emoji-cheat-sheet/graphics/emojis/boom.png
People,collision,,http://www.webpagefx.com/tools/emoji-cheat-sheet/graphics/emojis/collision.png
People,anger,,http://www.webpagefx.com/tools/emoji-cheat-sheet/graphics/emojis/anger.png
People,exclamation,,http://www.webpagefx.com/tools/emoji-cheat-sheet/graphics/emojis/exclamation.png
People,question,,http://www.webpagefx.com/tools/emoji-cheat-sheet/graphics/emojis/question.png
People,grey_exclamation,,http://www.webpagefx.com/tools/emoji-cheat-sheet/graphics/emojis/grey_exclamation.png
People,grey_question,,http://www.webpagefx.com/tools/emoji-cheat-sheet/graphics/emojis/grey_question.png
People,zzz,,http://www.webpagefx.com/tools/emoji-cheat-sheet/graphics/emojis/zzz.png
People,dash,,http://www.webpagefx.com/tools/emoji-cheat-sheet/graphics/emojis/dash.png
People,sweat_drops,,http://www.webpagefx.com/tools/emoji-cheat-sheet/graphics/emojis/sweat_drops.png
People,notes,,http://www.webpagefx.com/tools/emoji-cheat-sheet/graphics/emojis/notes.png
People,musical_note,,http://www.webpagefx.com/tools/emoji-cheat-sheet/graphics/emojis/musical_note.png
People,fire,,http://www.webpagefx.com/tools/emoji-cheat-sheet/graphics/emojis/fire.png
People,hankey,,http://www.webpagefx.com/tools/emoji-cheat-sheet/graphics/emojis/hankey.png
People,poop,,http://www.webpagefx.com/tools/emoji-cheat-sheet/graphics/emojis/poop.png
People,shit,,http://www.webpagefx.com/tools/emoji-cheat-sheet/graphics/emojis/shit.png
People,+1,,http://www.webpagefx.com/tools/emoji-cheat-sheet/graphics/emojis/plus1.png
People,thumbsup,,http://www.webpagefx.com/tools/emoji-cheat-sheet/graphics/emojis/thumbsup.png
People,-1,,http://www.webpagefx.com/tools/emoji-cheat-sheet/graphics/emojis/-1.png
People,thumbsdown,,http://www.webpagefx.com/tools/emoji-cheat-sheet/graphics/emojis/thumbsdown.png
People,ok_hand,,http://www.webpagefx.com/tools/emoji-cheat-sheet/graphics/emojis/ok_hand.png
People,punch,,http://www.webpagefx.com/tools/emoji-cheat-sheet/graphics/emojis/punch.png
People,facepunch,,http://www.webpagefx.com/tools/emoji-cheat-sheet/graphics/emojis/facepunch.png
People,fist,,http://www.webpagefx.com/tools/emoji-cheat-sheet/graphics/emojis/fist.png
People,v,,http://www.webpagefx.com/tools/emoji-cheat-sheet/graphics/emojis/v.png
People,wave,,http://www.webpagefx.com/tools/emoji-cheat-sheet/graphics/emojis/wave.png
People,hand,,http://www.webpagefx.com/tools/emoji-cheat-sheet/graphics/emojis/hand.png
People,raised_hand,,http://www.webpagefx.com/tools/emoji-cheat-sheet/graphics/emojis/raised_hand.png
People,open_hands,,http://www.webpagefx.com/tools/emoji-cheat-sheet/graphics/emojis/open_hands.png
People,point_up,,http://www.webpagefx.com/tools/emoji-cheat-sheet/graphics/emojis/point_up.png
People,point_down,,http://www.webpagefx.com/tools/emoji-cheat-sheet/graphics/emojis/point_down.png
People,point_left,,http://www.webpagefx.com/tools/emoji-cheat-sheet/graphics/emojis/point_left.png
People,point_right,,http://www.webpagefx.com/tools/emoji-cheat-sheet/graphics/emojis/point_right.png
People,raised_hands,,http://www.webpagefx.com/tools/emoji-cheat-sheet/graphics/emojis/raised_hands.png
People,pray,,http://www.webpagefx.com/tools/emoji-cheat-sheet/graphics/emojis/pray.png
People,point_up_2,,http://www.webpagefx.com/tools/emoji-cheat-sheet/graphics/emojis/point_up_2.png
People,clap,,http://www.webpagefx.com/tools/emoji-cheat-sheet/graphics/emojis/clap.png
People,muscle,,http://www.webpagefx.com/tools/emoji-cheat-sheet/graphics/emojis/muscle.png
People,metal,,http://www.webpagefx.com/tools/emoji-cheat-sheet/graphics/emojis/metal.png
People,fu,,http://www.webpagefx.com/tools/emoji-cheat-sheet/graphics/emojis/fu.png
People,runner,,http://www.webpagefx.com/tools/emoji-cheat-sheet/graphics/emojis/runner.png
People,running,,http://www.webpagefx.com/tools/emoji-cheat-sheet/graphics/emojis/running.png
People,couple,,http://www.webpagefx.com/tools/emoji-cheat-sheet/graphics/emojis/couple.png
People,family,,http://www.webpagefx.com/tools/emoji-cheat-sheet/graphics/emojis/family.png
People,two_men_holding_hands,,http://www.webpagefx.com/tools/emoji-cheat-sheet/graphics/emojis/two_men_holding_hands.png
People,two_women_holding_hands,,http://www.webpagefx.com/tools/emoji-cheat-sheet/graphics/emojis/two_women_holding_hands.png
People,dancer,,http://www.webpagefx.com/tools/emoji-cheat-sheet/graphics/emojis/dancer.png
People,dancers,,http://www.webpagefx.com/tools/emoji-cheat-sheet/graphics/emojis/dancers.png
People,ok_woman,,http://www.webpagefx.com/tools/emoji-cheat-sheet/graphics/emojis/ok_woman.png
People,no_good,,http://www.webpagefx.com/tools/emoji-cheat-sheet/graphics/emojis/no_good.png
People,information_desk_person,,http://www.webpagefx.com/tools/emoji-cheat-sheet/graphics/emojis/information_desk_person.png
People,raising_hand,,http://www.webpagefx.com/tools/emoji-cheat-sheet/graphics/emojis/raising_hand.png
People,bride_with_veil,,http://www.webpagefx.com/tools/emoji-cheat-sheet/graphics/emojis/bride_with_veil.png
People,person_with_pouting_face,,http://www.webpagefx.com/tools/emoji-cheat-sheet/graphics/emojis/person_with_pouting_face.png
People,person_frowning,,http://www.webpagefx.com/tools/emoji-cheat-sheet/graphics/emojis/person_frowning.png
People,bow,,http://www.webpagefx.com/tools/emoji-cheat-sheet/graphics/emojis/bow.png
People,couplekiss,,http://www.webpagefx.com/tools/emoji-cheat-sheet/graphics/emojis/couplekiss.png
People,couple_with_heart,,http://www.webpagefx.com/tools/emoji-cheat-sheet/graphics/emojis/couple_with_heart.png
People,massage,,http://www.webpagefx.com/tools/emoji-cheat-sheet/graphics/emojis/massage.png
People,haircut,,http://www.webpagefx.com/tools/emoji-cheat-sheet/graphics/emojis/haircut.png
People,nail_care,,http://www.webpagefx.com/tools/emoji-cheat-sheet/graphics/emojis/nail_care.png
People,boy,,http://www.webpagefx.com/tools/emoji-cheat-sheet/graphics/emojis/boy.png
People,girl,,http://www.webpagefx.com/tools/emoji-cheat-sheet/graphics/emojis/girl.png
People,woman,,http://www.webpagefx.com/tools/emoji-cheat-sheet/graphics/emojis/woman.png
People,man,,http://www.webpagefx.com/tools/emoji-cheat-sheet/graphics/emojis/man.png
People,baby,,http://www.webpagefx.com/tools/emoji-cheat-sheet/graphics/emojis/baby.png
People,older_woman,,http://www.webpagefx.com/tools/emoji-cheat-sheet/graphics/emojis/older_woman.png
People,older_man,,http://www.webpagefx.com/tools/emoji-cheat-sheet/graphics/emojis/older_man.png
People,person_with_blond_hair,,http://www.webpagefx.com/tools/emoji-cheat-sheet/graphics/emojis/person_with_blond_hair.png
People,man_with_gua_pi_mao,,http://www.webpagefx.com/tools/emoji-cheat-sheet/graphics/emojis/man_with_gua_pi_mao.png
People,man_with_turban,,http://www.webpagefx.com/tools/emoji-cheat-sheet/graphics/emojis/man_with_turban.png
People,construction_worker,,http://www.webpagefx.com/tools/emoji-cheat-sheet/graphics/emojis/construction_worker.png
People,cop,,http://www.webpagefx.com/tools/emoji-cheat-sheet/graphics/emojis/cop.png
People,angel,,http://www.webpagefx.com/tools/emoji-cheat-sheet/graphics/emojis/angel.png
People,princess,,http://www.webpagefx.com/tools/emoji-cheat-sheet/graphics/emojis/princess.png
People,smiley_cat,,http://www.webpagefx.com/tools/emoji-cheat-sheet/graphics/emojis/smiley_cat.png
People,smile_cat,,http://www.webpagefx.com/tools/emoji-cheat-sheet/graphics/emojis/smile_cat.png
People,heart_eyes_cat,,http://www.webpagefx.com/tools/emoji-cheat-sheet/graphics/emojis/heart_eyes_cat.png
People,kissing_cat,,http://www.webpagefx.com/tools/emoji-cheat-sheet/graphics/emojis/kissing_cat.png
People,smirk_cat,,http://www.webpagefx.com/tools/emoji-cheat-sheet/graphics/emojis/smirk_cat.png
People,scream_cat,,http://www.webpagefx.com/tools/emoji-cheat-sheet/graphics/emojis/scream_cat.png
People,crying_cat_face,,http://www.webpagefx.com/tools/emoji-cheat-sheet/graphics/emojis/crying_cat_face.png
People,joy_cat,,http://www.webpagefx.com/tools/emoji-cheat-sheet/graphics/emojis/joy_cat.png
People,pouting_cat,,http://www.webpagefx.com/tools/emoji-cheat-sheet/graphics/emojis/pouting_cat.png
People,japanese_ogre,,http://www.webpagefx.com/tools/emoji-cheat-sheet/graphics/emojis/japanese_ogre.png
People,japanese_goblin,,http://www.webpagefx.com/tools/emoji-cheat-sheet/graphics/emojis/japanese_goblin.png
People,see_no_evil,,http://www.webpagefx.com/tools/emoji-cheat-sheet/graphics/emojis/see_no_evil.png
People,hear_no_evil,,http://www.webpagefx.com/tools/emoji-cheat-sheet/graphics/emojis/hear_no_evil.png
People,speak_no_evil,,http://www.webpagefx.com/tools/emoji-cheat-sheet/graphics/emojis/speak_no_evil.png
People,guardsman,,http://www.webpagefx.com/tools/emoji-cheat-sheet/graphics/emojis/guardsman.png
People,skull,,http://www.webpagefx.com/tools/emoji-cheat-sheet/graphics/emojis/skull.png
People,feet,,http://www.webpagefx.com/tools/emoji-cheat-sheet/graphics/emojis/feet.png
People,lips,,http://www.webpagefx.com/tools/emoji-cheat-sheet/graphics/emojis/lips.png
People,kiss,,http://www.webpagefx.com/tools/emoji-cheat-sheet/graphics/emojis/kiss.png
People,droplet,,http://www.webpagefx.com/tools/emoji-cheat-sheet/graphics/emojis/droplet.png
People,ear,,http://www.webpagefx.com/tools/emoji-cheat-sheet/graphics/emojis/ear.png
People,eyes,,http://www.webpagefx.com/tools/emoji-cheat-sheet/graphics/emojis/eyes.png
People,nose,,http://www.webpagefx.com/tools/emoji-cheat-sheet/graphics/emojis/nose.png
People,tongue,,http://www.webpagefx.com/tools/emoji-cheat-sheet/graphics/emojis/tongue.png
People,love_letter,,http://www.webpagefx.com/tools/emoji-cheat-sheet/graphics/emojis/love_letter.png
People,bust_in_silhouette,,http://www.webpagefx.com/tools/emoji-cheat-sheet/graphics/emojis/bust_in_silhouette.png
People,busts_in_silhouette,,http://www.webpagefx.com/tools/emoji-cheat-sheet/graphics/emojis/busts_in_silhouette.png
People,speech_balloon,,http://www.webpagefx.com/tools/emoji-cheat-sheet/graphics/emojis/speech_balloon.png
People,thought_balloon,,http://www.webpagefx.com/tools/emoji-cheat-sheet/graphics/emojis/thought_balloon.png
People,feelsgood,,http://www.webpagefx.com/tools/emoji-cheat-sheet/graphics/emojis/feelsgood.png
People,finnadie,,http://www.webpagefx.com/tools/emoji-cheat-sheet/graphics/emojis/finnadie.png
People,goberserk,,http://www.webpagefx.com/tools/emoji-cheat-sheet/graphics/emojis/goberserk.png
People,godmode,,http://www.webpagefx.com/tools/emoji-cheat-sheet/graphics/emojis/godmode.png
People,hurtrealbad,,http://www.webpagefx.com/tools/emoji-cheat-sheet/graphics/emojis/hurtrealbad.png
People,rage1,,http://www.webpagefx.com/tools/emoji-cheat-sheet/graphics/emojis/rage1.png
People,rage2,,http://www.webpagefx.com/tools/emoji-cheat-sheet/graphics/emojis/rage2.png
People,rage3,,http://www.webpagefx.com/tools/emoji-cheat-sheet/graphics/emojis/rage3.png
People,rage4,,http://www.webpagefx.com/tools/emoji-cheat-sheet/graphics/emojis/rage4.png
People,suspect,,http://www.webpagefx.com/tools/emoji-cheat-sheet/graphics/emojis/suspect.png
People,trollface,,http://www.webpagefx.com/tools/emoji-cheat-sheet/graphics/emojis/trollface.png
Nature,sunny,,http://www.webpagefx.com/tools/emoji-cheat-sheet/graphics/emojis/sunny.png
Nature,umbrella,,http://www.webpagefx.com/tools/emoji-cheat-sheet/graphics/emojis/umbrella.png
Nature,cloud,,http://www.webpagefx.com/tools/emoji-cheat-sheet/graphics/emojis/cloud.png
Nature,snowflake,,http://www.webpagefx.com/tools/emoji-cheat-sheet/graphics/emojis/snowflake.png
Nature,snowman,,http://www.webpagefx.com/tools/emoji-cheat-sheet/graphics/emojis/snowman.png
Nature,zap,,http://www.webpagefx.com/tools/emoji-cheat-sheet/graphics/emojis/zap.png
Nature,cyclone,,http://www.webpagefx.com/tools/emoji-cheat-sheet/graphics/emojis/cyclone.png
Nature,foggy,,http://www.webpagefx.com/tools/emoji-cheat-sheet/graphics/emojis/foggy.png
Nature,ocean,,http://www.webpagefx.com/tools/emoji-cheat-sheet/graphics/emojis/ocean.png
Nature,cat,,http://www.webpagefx.com/tools/emoji-cheat-sheet/graphics/emojis/cat.png
Nature,dog,,http://www.webpagefx.com/tools/emoji-cheat-sheet/graphics/emojis/dog.png
Nature,mouse,,http://www.webpagefx.com/tools/emoji-cheat-sheet/graphics/emojis/mouse.png
Nature,hamster,,http://www.webpagefx.com/tools/emoji-cheat-sheet/graphics/emojis/hamster.png
Nature,rabbit,,http://www.webpagefx.com/tools/emoji-cheat-sheet/graphics/emojis/rabbit.png
Nature,wolf,,http://www.webpagefx.com/tools/emoji-cheat-sheet/graphics/emojis/wolf.png
Nature,frog,,http://www.webpagefx.com/tools/emoji-cheat-sheet/graphics/emojis/frog.png
Nature,tiger,,http://www.webpagefx.com/tools/emoji-cheat-sheet/graphics/emojis/tiger.png
Nature,koala,,http://www.webpagefx.com/tools/emoji-cheat-sheet/graphics/emojis/koala.png
Nature,bear,,http://www.webpagefx.com/tools/emoji-cheat-sheet/graphics/emojis/bear.png
Nature,pig,,http://www.webpagefx.com/tools/emoji-cheat-sheet/graphics/emojis/pig.png
Nature,pig_nose,,http://www.webpagefx.com/tools/emoji-cheat-sheet/graphics/emojis/pig_nose.png
Nature,cow,,http://www.webpagefx.com/tools/emoji-cheat-sheet/graphics/emojis/cow.png
Nature,boar,,http://www.webpagefx.com/tools/emoji-cheat-sheet/graphics/emojis/boar.png
Nature,monkey_face,,http://www.webpagefx.com/tools/emoji-cheat-sheet/graphics/emojis/monkey_face.png
Nature,monkey,,http://www.webpagefx.com/tools/emoji-cheat-sheet/graphics/emojis/monkey.png
Nature,horse,,http://www.webpagefx.com/tools/emoji-cheat-sheet/graphics/emojis/horse.png
Nature,racehorse,,http://www.webpagefx.com/tools/emoji-cheat-sheet/graphics/emojis/racehorse.png
Nature,camel,,http://www.webpagefx.com/tools/emoji-cheat-sheet/graphics/emojis/camel.png
Nature,sheep,,http://www.webpagefx.com/tools/emoji-cheat-sheet/graphics/emojis/sheep.png
Nature,elephant,,http://www.webpagefx.com/tools/emoji-cheat-sheet/graphics/emojis/elephant.png
Nature,panda_face,,http://www.webpagefx.com/tools/emoji-cheat-sheet/graphics/emojis/panda_face.png
Nature,snake,,http://www.webpagefx.com/tools/emoji-cheat-sheet/graphics/emojis/snake.png
Nature,bird,,http://www.webpagefx.com/tools/emoji-cheat-sheet/graphics/emojis/bird.png
Nature,baby_chick,,http://www.webpagefx.com/tools/emoji-cheat-sheet/graphics/emojis/baby_chick.png
Nature,hatched_chick,,http://www.webpagefx.com/tools/emoji-cheat-sheet/graphics/emojis/hatched_chick.png
Nature,hatching_chick,,http://www.webpagefx.com/tools/emoji-cheat-sheet/graphics/emojis/hatching_chick.png
Nature,chicken,,http://www.webpagefx.com/tools/emoji-cheat-sheet/graphics/emojis/chicken.png
Nature,penguin,,http://www.webpagefx.com/tools/emoji-cheat-sheet/graphics/emojis/penguin.png
Nature,turtle,,http://www.webpagefx.com/tools/emoji-cheat-sheet/graphics/emojis/turtle.png
Nature,bug,,http://www.webpagefx.com/tools/emoji-cheat-sheet/graphics/emojis/bug.png
Nature,honeybee,,http://www.webpagefx.com/tools/emoji-cheat-sheet/graphics/emojis/honeybee.png
Nature,ant,,http://www.webpagefx.com/tools/emoji-cheat-sheet/graphics/emojis/ant.png
Nature,beetle,,http://www.webpagefx.com/tools/emoji-cheat-sheet/graphics/emojis/beetle.png
Nature,snail,,http://www.webpagefx.com/tools/emoji-cheat-sheet/graphics/emojis/snail.png
Nature,octopus,,http://www.webpagefx.com/tools/emoji-cheat-sheet/graphics/emojis/octopus.png
Nature,tropical_fish,,http://www.webpagefx.com/tools/emoji-cheat-sheet/graphics/emojis/tropical_fish.png
Nature,fish,,http://www.webpagefx.com/tools/emoji-cheat-sheet/graphics/emojis/fish.png
Nature,whale,,http://www.webpagefx.com/tools/emoji-cheat-sheet/graphics/emojis/whale.png
Nature,whale2,,http://www.webpagefx.com/tools/emoji-cheat-sheet/graphics/emojis/whale2.png
Nature,dolphin,,http://www.webpagefx.com/tools/emoji-cheat-sheet/graphics/emojis/dolphin.png
Nature,cow2,,http://www.webpagefx.com/tools/emoji-cheat-sheet/graphics/emojis/cow2.png
Nature,ram,,http://www.webpagefx.com/tools/emoji-cheat-sheet/graphics/emojis/ram.png
Nature,rat,,http://www.webpagefx.com/tools/emoji-cheat-sheet/graphics/emojis/rat.png
Nature,water_buffalo,,http://www.webpagefx.com/tools/emoji-cheat-sheet/graphics/emojis/water_buffalo.png
Nature,tiger2,,http://www.webpagefx.com/tools/emoji-cheat-sheet/graphics/emojis/tiger2.png
Nature,rabbit2,,http://www.webpagefx.com/tools/emoji-cheat-sheet/graphics/emojis/rabbit2.png
Nature,dragon,,http://www.webpagefx.com/tools/emoji-cheat-sheet/graphics/emojis/dragon.png
Nature,goat,,http://www.webpagefx.com/tools/emoji-cheat-sheet/graphics/emojis/goat.png
Nature,rooster,,http://www.webpagefx.com/tools/emoji-cheat-sheet/graphics/emojis/rooster.png
Nature,dog2,,http://www.webpagefx.com/tools/emoji-cheat-sheet/graphics/emojis/dog2.png
Nature,pig2,,http://www.webpagefx.com/tools/emoji-cheat-sheet/graphics/emojis/pig2.png
Nature,mouse2,,http://www.webpagefx.com/tools/emoji-cheat-sheet/graphics/emojis/mouse2.png
Nature,ox,,http://www.webpagefx.com/tools/emoji-cheat-sheet/graphics/emojis/ox.png
Nature,dragon_face,,http://www.webpagefx.com/tools/emoji-cheat-sheet/graphics/emojis/dragon_face.png
Nature,blowfish,,http://www.webpagefx.com/tools/emoji-cheat-sheet/graphics/emojis/blowfish.png
Nature,crocodile,,http://www.webpagefx.com/tools/emoji-cheat-sheet/graphics/emojis/crocodile.png
Nature,dromedary_camel,,http://www.webpagefx.com/tools/emoji-cheat-sheet/graphics/emojis/dromedary_camel.png
Nature,leopard,,http://www.webpagefx.com/tools/emoji-cheat-sheet/graphics/emojis/leopard.png
Nature,cat2,,http://www.webpagefx.com/tools/emoji-cheat-sheet/graphics/emojis/cat2.png
Nature,poodle,,http://www.webpagefx.com/tools/emoji-cheat-sheet/graphics/emojis/poodle.png
Nature,paw_prints,,http://www.webpagefx.com/tools/emoji-cheat-sheet/graphics/emojis/paw_prints.png
Nature,bouquet,,http://www.webpagefx.com/tools/emoji-cheat-sheet/graphics/emojis/bouquet.png
Nature,cherry_blossom,,http://www.webpagefx.com/tools/emoji-cheat-sheet/graphics/emojis/cherry_blossom.png
Nature,tulip,,http://www.webpagefx.com/tools/emoji-cheat-sheet/graphics/emojis/tulip.png
Nature,four_leaf_clover,,http://www.webpagefx.com/tools/emoji-cheat-sheet/graphics/emojis/four_leaf_clover.png
Nature,rose,,http://www.webpagefx.com/tools/emoji-cheat-sheet/graphics/emojis/rose.png
Nature,sunflower,,http://www.webpagefx.com/tools/emoji-cheat-sheet/graphics/emojis/sunflower.png
Nature,hibiscus,,http://www.webpagefx.com/tools/emoji-cheat-sheet/graphics/emojis/hibiscus.png
Nature,maple_leaf,,http://www.webpagefx.com/tools/emoji-cheat-sheet/graphics/emojis/maple_leaf.png
Nature,leaves,,http://www.webpagefx.com/tools/emoji-cheat-sheet/graphics/emojis/leaves.png
Nature,fallen_leaf,,http://www.webpagefx.com/tools/emoji-cheat-sheet/graphics/emojis/fallen_leaf.png
Nature,herb,,http://www.webpagefx.com/tools/emoji-cheat-sheet/graphics/emojis/herb.png
Nature,mushroom,,http://www.webpagefx.com/tools/emoji-cheat-sheet/graphics/emojis/mushroom.png
Nature,cactus,,http://www.webpagefx.com/tools/emoji-cheat-sheet/graphics/emojis/cactus.png
Nature,palm_tree,,http://www.webpagefx.com/tools/emoji-cheat-sheet/graphics/emojis/palm_tree.png
Nature,evergreen_tree,,http://www.webpagefx.com/tools/emoji-cheat-sheet/graphics/emojis/evergreen_tree.png
Nature,deciduous_tree,,http://www.webpagefx.com/tools/emoji-cheat-sheet/graphics/emojis/deciduous_tree.png
Nature,chestnut,,http://www.webpagefx.com/tools/emoji-cheat-sheet/graphics/emojis/chestnut.png
Nature,seedling,,http://www.webpagefx.com/tools/emoji-cheat-sheet/graphics/emojis/seedling.png
Nature,blossom,,http://www.webpagefx.com/tools/emoji-cheat-sheet/graphics/emojis/blossom.png
Nature,ear_of_rice,,http://www.webpagefx.com/tools/emoji-cheat-sheet/graphics/emojis/ear_of_rice.png
Nature,shell,,http://www.webpagefx.com/tools/emoji-cheat-sheet/graphics/emojis/shell.png
Nature,globe_with_meridians,,http://www.webpagefx.com/tools/emoji-cheat-sheet/graphics/emojis/globe_with_meridians.png
Nature,sun_with_face,,http://www.webpagefx.com/tools/emoji-cheat-sheet/graphics/emojis/sun_with_face.png
Nature,full_moon_with_face,,http://www.webpagefx.com/tools/emoji-cheat-sheet/graphics/emojis/full_moon_with_face.png
Nature,new_moon_with_face,,http://www.webpagefx.com/tools/emoji-cheat-sheet/graphics/emojis/new_moon_with_face.png
Nature,new_moon,,http://www.webpagefx.com/tools/emoji-cheat-sheet/graphics/emojis/new_moon.png
Nature,waxing_crescent_moon,,http://www.webpagefx.com/tools/emoji-cheat-sheet/graphics/emojis/waxing_crescent_moon.png
Nature,first_quarter_moon,,http://www.webpagefx.com/tools/emoji-cheat-sheet/graphics/emojis/first_quarter_moon.png
Nature,waxing_gibbous_moon,,http://www.webpagefx.com/tools/emoji-cheat-sheet/graphics/emojis/waxing_gibbous_moon.png
Nature,full_moon,,http://www.webpagefx.com/tools/emoji-cheat-sheet/graphics/emojis/full_moon.png
Nature,waning_gibbous_moon,,http://www.webpagefx.com/tools/emoji-cheat-sheet/graphics/emojis/waning_gibbous_moon.png
Nature,last_quarter_moon,,http://www.webpagefx.com/tools/emoji-cheat-sheet/graphics/emojis/last_quarter_moon.png
Nature,waning_crescent_moon,,http://www.webpagefx.com/tools/emoji-cheat-sheet/graphics/emojis/waning_crescent_moon.png
Nature,last_quarter_moon_with_face,,http://www.webpagefx.com/tools/emoji-cheat-sheet/graphics/emojis/last_quarter_moon_with_face.png
Nature,first_quarter_moon_with_face,,http://www.webpagefx.com/tools/emoji-cheat-sheet/graphics/emojis/first_quarter_moon_with_face.png
Nature,crescent_moon,,http://www.webpagefx.com/tools/emoji-cheat-sheet/graphics/emojis/crescent_moon.png
Nature,earth_africa,,http://www.webpagefx.com/tools/emoji-cheat-sheet/graphics/emojis/earth_africa.png
Nature,earth_americas,,http://www.webpagefx.com/tools/emoji-cheat-sheet/graphics/emojis/earth_americas.png
Nature,earth_asia,,http://www.webpagefx.com/tools/emoji-cheat-sheet/graphics/emojis/earth_asia.png
Nature,volcano,,http://www.webpagefx.com/tools/emoji-cheat-sheet/graphics/emojis/volcano.png
Nature,milky_way,,http://www.webpagefx.com/tools/emoji-cheat-sheet/graphics/emojis/milky_way.png
Nature,partly_sunny,,http://www.webpagefx.com/tools/emoji-cheat-sheet/graphics/emojis/partly_sunny.png
Nature,octocat,,http://www.webpagefx.com/tools/emoji-cheat-sheet/graphics/emojis/octocat.png
Nature,squirrel,,http://www.webpagefx.com/tools/emoji-cheat-sheet/graphics/emojis/squirrel.png
Objects,bamboo,,http://www.webpagefx.com/tools/emoji-cheat-sheet/graphics/emojis/bamboo.png
Objects,gift_heart,,http://www.webpagefx.com/tools/emoji-cheat-sheet/graphics/emojis/gift_heart.png
Objects,dolls,,http://www.webpagefx.com/tools/emoji-cheat-sheet/graphics/emojis/dolls.png
Objects,school_satchel,,http://www.webpagefx.com/tools/emoji-cheat-sheet/graphics/emojis/school_satchel.png
Objects,mortar_board,,http://www.webpagefx.com/tools/emoji-cheat-sheet/graphics/emojis/mortar_board.png
Objects,flags,,http://www.webpagefx.com/tools/emoji-cheat-sheet/graphics/emojis/flags.png
Objects,fireworks,,http://www.webpagefx.com/tools/emoji-cheat-sheet/graphics/emojis/fireworks.png
Objects,sparkler,,http://www.webpagefx.com/tools/emoji-cheat-sheet/graphics/emojis/sparkler.png
Objects,wind_chime,,http://www.webpagefx.com/tools/emoji-cheat-sheet/graphics/emojis/wind_chime.png
Objects,rice_scene,,http://www.webpagefx.com/tools/emoji-cheat-sheet/graphics/emojis/rice_scene.png
Objects,jack_o_lantern,,http://www.webpagefx.com/tools/emoji-cheat-sheet/graphics/emojis/jack_o_lantern.png
Objects,ghost,,http://www.webpagefx.com/tools/emoji-cheat-sheet/graphics/emojis/ghost.png
Objects,santa,,http://www.webpagefx.com/tools/emoji-cheat-sheet/graphics/emojis/santa.png
Objects,christmas_tree,,http://www.webpagefx.com/tools/emoji-cheat-sheet/graphics/emojis/christmas_tree.png
Objects,gift,,http://www.webpagefx.com/tools/emoji-cheat-sheet/graphics/emojis/gift.png
Objects,bell,,http://www.webpagefx.com/tools/emoji-cheat-sheet/graphics/emojis/bell.png
Objects,no_bell,,http://www.webpagefx.com/tools/emoji-cheat-sheet/graphics/emojis/no_bell.png
Objects,tanabata_tree,,http://www.webpagefx.com/tools/emoji-cheat-sheet/graphics/emojis/tanabata_tree.png
Objects,tada,,http://www.webpagefx.com/tools/emoji-cheat-sheet/graphics/emojis/tada.png
Objects,confetti_ball,,http://www.webpagefx.com/tools/emoji-cheat-sheet/graphics/emojis/confetti_ball.png
Objects,balloon,,http://www.webpagefx.com/tools/emoji-cheat-sheet/graphics/emojis/balloon.png
Objects,crystal_ball,,http://www.webpagefx.com/tools/emoji-cheat-sheet/graphics/emojis/crystal_ball.png
Objects,cd,,http://www.webpagefx.com/tools/emoji-cheat-sheet/graphics/emojis/cd.png
Objects,dvd,,http://www.webpagefx.com/tools/emoji-cheat-sheet/graphics/emojis/dvd.png
Objects,floppy_disk,,http://www.webpagefx.com/tools/emoji-cheat-sheet/graphics/emojis/floppy_disk.png
Objects,camera,,http://www.webpagefx.com/tools/emoji-cheat-sheet/graphics/emojis/camera.png
Objects,video_camera,,http://www.webpagefx.com/tools/emoji-cheat-sheet/graphics/emojis/video_camera.png
Objects,movie_camera,,http://www.webpagefx.com/tools/emoji-cheat-sheet/graphics/emojis/movie_camera.png
Objects,computer,,http://www.webpagefx.com/tools/emoji-cheat-sheet/graphics/emojis/computer.png
Objects,tv,,http://www.webpagefx.com/tools/emoji-cheat-sheet/graphics/emojis/tv.png
Objects,iphone,,http://www.webpagefx.com/tools/emoji-cheat-sheet/graphics/emojis/iphone.png
Objects,phone,,http://www.webpagefx.com/tools/emoji-cheat-sheet/graphics/emojis/phone.png
Objects,telephone,,http://www.webpagefx.com/tools/emoji-cheat-sheet/graphics/emojis/telephone.png
Objects,telephone_receiver,,http://www.webpagefx.com/tools/emoji-cheat-sheet/graphics/emojis/telephone_receiver.png
Objects,pager,,http://www.webpagefx.com/tools/emoji-cheat-sheet/graphics/emojis/pager.png
Objects,fax,,http://www.webpagefx.com/tools/emoji-cheat-sheet/graphics/emojis/fax.png
Objects,minidisc,,http://www.webpagefx.com/tools/emoji-cheat-sheet/graphics/emojis/minidisc.png
Objects,vhs,,http://www.webpagefx.com/tools/emoji-cheat-sheet/graphics/emojis/vhs.png
Objects,sound,,http://www.webpagefx.com/tools/emoji-cheat-sheet/graphics/emojis/sound.png
Objects,speaker,,http://www.webpagefx.com/tools/emoji-cheat-sheet/graphics/emojis/speaker.png
Objects,mute,,http://www.webpagefx.com/tools/emoji-cheat-sheet/graphics/emojis/mute.png
Objects,loudspeaker,,http://www.webpagefx.com/tools/emoji-cheat-sheet/graphics/emojis/loudspeaker.png
Objects,mega,,http://www.webpagefx.com/tools/emoji-cheat-sheet/graphics/emojis/mega.png
Objects,hourglass,,http://www.webpagefx.com/tools/emoji-cheat-sheet/graphics/emojis/hourglass.png
Objects,hourglass_flowing_sand,,http://www.webpagefx.com/tools/emoji-cheat-sheet/graphics/emojis/hourglass_flowing_sand.png
Objects,alarm_clock,,http://www.webpagefx.com/tools/emoji-cheat-sheet/graphics/emojis/alarm_clock.png
Objects,watch,,http://www.webpagefx.com/tools/emoji-cheat-sheet/graphics/emojis/watch.png
Objects,radio,,http://www.webpagefx.com/tools/emoji-cheat-sheet/graphics/emojis/radio.png
Objects,satellite,,http://www.webpagefx.com/tools/emoji-cheat-sheet/graphics/emojis/satellite.png
Objects,loop,,http://www.webpagefx.com/tools/emoji-cheat-sheet/graphics/emojis/loop.png
Objects,mag,,http://www.webpagefx.com/tools/emoji-cheat-sheet/graphics/emojis/mag.png
Objects,mag_right,,http://www.webpagefx.com/tools/emoji-cheat-sheet/graphics/emojis/mag_right.png
Objects,unlock,,http://www.webpagefx.com/tools/emoji-cheat-sheet/graphics/emojis/unlock.png
Objects,lock,,http://www.webpagefx.com/tools/emoji-cheat-sheet/graphics/emojis/lock.png
Objects,lock_with_ink_pen,,http://www.webpagefx.com/tools/emoji-cheat-sheet/graphics/emojis/lock_with_ink_pen.png
Objects,closed_lock_with_key,,http://www.webpagefx.com/tools/emoji-cheat-sheet/graphics/emojis/closed_lock_with_key.png
Objects,key,,http://www.webpagefx.com/tools/emoji-cheat-sheet/graphics/emojis/key.png
Objects,bulb,,http://www.webpagefx.com/tools/emoji-cheat-sheet/graphics/emojis/bulb.png
Objects,flashlight,,http://www.webpagefx.com/tools/emoji-cheat-sheet/graphics/emojis/flashlight.png
Objects,high_brightness,,http://www.webpagefx.com/tools/emoji-cheat-sheet/graphics/emojis/high_brightness.png
Objects,low_brightness,,http://www.webpagefx.com/tools/emoji-cheat-sheet/graphics/emojis/low_brightness.png
Objects,electric_plug,,http://www.webpagefx.com/tools/emoji-cheat-sheet/graphics/emojis/electric_plug.png
Objects,battery,,http://www.webpagefx.com/tools/emoji-cheat-sheet/graphics/emojis/battery.png
Objects,calling,,http://www.webpagefx.com/tools/emoji-cheat-sheet/graphics/emojis/calling.png
Objects,email,,http://www.webpagefx.com/tools/emoji-cheat-sheet/graphics/emojis/email.png
Objects,mailbox,,http://www.webpagefx.com/tools/emoji-cheat-sheet/graphics/emojis/mailbox.png
Objects,postbox,,http://www.webpagefx.com/tools/emoji-cheat-sheet/graphics/emojis/postbox.png
Objects,bath,,http://www.webpagefx.com/tools/emoji-cheat-sheet/graphics/emojis/bath.png
Objects,bathtub,,http://www.webpagefx.com/tools/emoji-cheat-sheet/graphics/emojis/bathtub.png
Objects,shower,,http://www.webpagefx.com/tools/emoji-cheat-sheet/graphics/emojis/shower.png
Objects,toilet,,http://www.webpagefx.com/tools/emoji-cheat-sheet/graphics/emojis/toilet.png
Objects,wrench,,http://www.webpagefx.com/tools/emoji-cheat-sheet/graphics/emojis/wrench.png
Objects,nut_and_bolt,,http://www.webpagefx.com/tools/emoji-cheat-sheet/graphics/emojis/nut_and_bolt.png
Objects,hammer,,http://www.webpagefx.com/tools/emoji-cheat-sheet/graphics/emojis/hammer.png
Objects,seat,,http://www.webpagefx.com/tools/emoji-cheat-sheet/graphics/emojis/seat.png
Objects,moneybag,,http://www.webpagefx.com/tools/emoji-cheat-sheet/graphics/emojis/moneybag.png
Objects,yen,,http://www.webpagefx.com/tools/emoji-cheat-sheet/graphics/emojis/yen.png
Objects,dollar,,http://www.webpagefx.com/tools/emoji-cheat-sheet/graphics/emojis/dollar.png
Objects,pound,,http://www.webpagefx.com/tools/emoji-cheat-sheet/graphics/emojis/pound.png
Objects,euro,,http://www.webpagefx.com/tools/emoji-cheat-sheet/graphics/emojis/euro.png
Objects,credit_card,,http://www.webpagefx.com/tools/emoji-cheat-sheet/graphics/emojis/credit_card.png
Objects,money_with_wings,,http://www.webpagefx.com/tools/emoji-cheat-sheet/graphics/emojis/money_with_wings.png
Objects,e-mail,,http://www.webpagefx.com/tools/emoji-cheat-sheet/graphics/emojis/e-mail.png
Objects,inbox_tray,,http://www.webpagefx.com/tools/emoji-cheat-sheet/graphics/emojis/inbox_tray.png
Objects,outbox_tray,,http://www.webpagefx.com/tools/emoji-cheat-sheet/graphics/emojis/outbox_tray.png
Objects,envelope,,http://www.webpagefx.com/tools/emoji-cheat-sheet/graphics/emojis/envelope.png
Objects,incoming_envelope,,http://www.webpagefx.com/tools/emoji-cheat-sheet/graphics/emojis/incoming_envelope.png
Objects,postal_horn,,http://www.webpagefx.com/tools/emoji-cheat-sheet/graphics/emojis/postal_horn.png
Objects,mailbox_closed,,http://www.webpagefx.com/tools/emoji-cheat-sheet/graphics/emojis/mailbox_closed.png
Objects,mailbox_with_mail,,http://www.webpagefx.com/tools/emoji-cheat-sheet/graphics/emojis/mailbox_with_mail.png
Objects,mailbox_with_no_mail,,http://www.webpagefx.com/tools/emoji-cheat-sheet/graphics/emojis/mailbox_with_no_mail.png
Objects,package,,http://www.webpagefx.com/tools/emoji-cheat-sheet/graphics/emojis/package.png
Objects,door,,http://www.webpagefx.com/tools/emoji-cheat-sheet/graphics/emojis/door.png
Objects,smoking,,http://www.webpagefx.com/tools/emoji-cheat-sheet/graphics/emojis/smoking.png
Objects,bomb,,http://www.webpagefx.com/tools/emoji-cheat-sheet/graphics/emojis/bomb.png
Objects,gun,,http://www.webpagefx.com/tools/emoji-cheat-sheet/graphics/emojis/gun.png
Objects,hocho,,http://www.webpagefx.com/tools/emoji-cheat-sheet/graphics/emojis/hocho.png
Objects,pill,,http://www.webpagefx.com/tools/emoji-cheat-sheet/graphics/emojis/pill.png
Objects,syringe,,http://www.webpagefx.com/tools/emoji-cheat-sheet/graphics/emojis/syringe.png
Objects,page_facing_up,,http://www.webpagefx.com/tools/emoji-cheat-sheet/graphics/emojis/page_facing_up.png
Objects,page_with_curl,,http://www.webpagefx.com/tools/emoji-cheat-sheet/graphics/emojis/page_with_curl.png
Objects,bookmark_tabs,,http://www.webpagefx.com/tools/emoji-cheat-sheet/graphics/emojis/bookmark_tabs.png
Objects,bar_chart,,http://www.webpagefx.com/tools/emoji-cheat-sheet/graphics/emojis/bar_chart.png
Objects,chart_with_upwards_trend,,http://www.webpagefx.com/tools/emoji-cheat-sheet/graphics/emojis/chart_with_upwards_trend.png
Objects,chart_with_downwards_trend,,http://www.webpagefx.com/tools/emoji-cheat-sheet/graphics/emojis/chart_with_downwards_trend.png
Objects,scroll,,http://www.webpagefx.com/tools/emoji-cheat-sheet/graphics/emojis/scroll.png
Objects,clipboard,,http://www.webpagefx.com/tools/emoji-cheat-sheet/graphics/emojis/clipboard.png
Objects,calendar,,http://www.webpagefx.com/tools/emoji-cheat-sheet/graphics/emojis/calendar.png
Objects,date,,http://www.webpagefx.com/tools/emoji-cheat-sheet/graphics/emojis/date.png
Objects,card_index,,http://www.webpagefx.com/tools/emoji-cheat-sheet/graphics/emojis/card_index.png
Objects,file_folder,,http://www.webpagefx.com/tools/emoji-cheat-sheet/graphics/emojis/file_folder.png
Objects,open_file_folder,,http://www.webpagefx.com/tools/emoji-cheat-sheet/graphics/emojis/open_file_folder.png
Objects,scissors,,http://www.webpagefx.com/tools/emoji-cheat-sheet/graphics/emojis/scissors.png
Objects,pushpin,,http://www.webpagefx.com/tools/emoji-cheat-sheet/graphics/emojis/pushpin.png
Objects,paperclip,,http://www.webpagefx.com/tools/emoji-cheat-sheet/graphics/emojis/paperclip.png
Objects,black_nib,,http://www.webpagefx.com/tools/emoji-cheat-sheet/graphics/emojis/black_nib.png
Objects,pencil2,,http://www.webpagefx.com/tools/emoji-cheat-sheet/graphics/emojis/pencil2.png
Objects,straight_ruler,,http://www.webpagefx.com/tools/emoji-cheat-sheet/graphics/emojis/straight_ruler.png
Objects,triangular_ruler,,http://www.webpagefx.com/tools/emoji-cheat-sheet/graphics/emojis/triangular_ruler.png
Objects,closed_book,,http://www.webpagefx.com/tools/emoji-cheat-sheet/graphics/emojis/closed_book.png
Objects,green_book,,http://www.webpagefx.com/tools/emoji-cheat-sheet/graphics/emojis/green_book.png
Objects,blue_book,,http://www.webpagefx.com/tools/emoji-cheat-sheet/graphics/emojis/blue_book.png
Objects,orange_book,,http://www.webpagefx.com/tools/emoji-cheat-sheet/graphics/emojis/orange_book.png
Objects,notebook,,http://www.webpagefx.com/tools/emoji-cheat-sheet/graphics/emojis/notebook.png
Objects,notebook_with_decorative_cover,,http://www.webpagefx.com/tools/emoji-cheat-sheet/graphics/emojis/notebook_with_decorative_cover.png
Objects,ledger,,http://www.webpagefx.com/tools/emoji-cheat-sheet/graphics/emojis/ledger.png
Objects,books,,http://www.webpagefx.com/tools/emoji-cheat-sheet/graphics/emojis/books.png
Objects,bookmark,,http://www.webpagefx.com/tools/emoji-cheat-sheet/graphics/emojis/bookmark.png
Objects,name_badge,,http://www.webpagefx.com/tools/emoji-cheat-sheet/graphics/emojis/name_badge.png
Objects,microscope,,http://www.webpagefx.com/tools/emoji-cheat-sheet/graphics/emojis/microscope.png
Objects,telescope,,http://www.webpagefx.com/tools/emoji-cheat-sheet/graphics/emojis/telescope.png
Objects,newspaper,,http://www.webpagefx.com/tools/emoji-cheat-sheet/graphics/emojis/newspaper.png
Objects,football,,http://www.webpagefx.com/tools/emoji-cheat-sheet/graphics/emojis/football.png
Objects,basketball,,http://www.webpagefx.com/tools/emoji-cheat-sheet/graphics/emojis/basketball.png
Objects,soccer,,http://www.webpagefx.com/tools/emoji-cheat-sheet/graphics/emojis/soccer.png
Objects,baseball,,http://www.webpagefx.com/tools/emoji-cheat-sheet/graphics/emojis/baseball.png
Objects,tennis,,http://www.webpagefx.com/tools/emoji-cheat-sheet/graphics/emojis/tennis.png
Objects,8ball,,http://www.webpagefx.com/tools/emoji-cheat-sheet/graphics/emojis/8ball.png
Objects,rugby_football,,http://www.webpagefx.com/tools/emoji-cheat-sheet/graphics/emojis/rugby_football.png
Objects,bowling,,http://www.webpagefx.com/tools/emoji-cheat-sheet/graphics/emojis/bowling.png
Objects,golf,,http://www.webpagefx.com/tools/emoji-cheat-sheet/graphics/emojis/golf.png
Objects,mountain_bicyclist,,http://www.webpagefx.com/tools/emoji-cheat-sheet/graphics/emojis/mountain_bicyclist.png
Objects,bicyclist,,http://www.webpagefx.com/tools/emoji-cheat-sheet/graphics/emojis/bicyclist.png
Objects,horse_racing,,http://www.webpagefx.com/tools/emoji-cheat-sheet/graphics/emojis/horse_racing.png
Objects,snowboarder,,http://www.webpagefx.com/tools/emoji-cheat-sheet/graphics/emojis/snowboarder.png
Objects,swimmer,,http://www.webpagefx.com/tools/emoji-cheat-sheet/graphics/emojis/swimmer.png
Objects,surfer,,http://www.webpagefx.com/tools/emoji-cheat-sheet/graphics/emojis/surfer.png
Objects,ski,,http://www.webpagefx.com/tools/emoji-cheat-sheet/graphics/emojis/ski.png
Objects,spades,,http://www.webpagefx.com/tools/emoji-cheat-sheet/graphics/emojis/spades.png
Objects,hearts,,http://www.webpagefx.com/tools/emoji-cheat-sheet/graphics/emojis/hearts.png
Objects,clubs,,http://www.webpagefx.com/tools/emoji-cheat-sheet/graphics/emojis/clubs.png
Objects,diamonds,,http://www.webpagefx.com/tools/emoji-cheat-sheet/graphics/emojis/diamonds.png
Objects,gem,,http://www.webpagefx.com/tools/emoji-cheat-sheet/graphics/emojis/gem.png
Objects,ring,,http://www.webpagefx.com/tools/emoji-cheat-sheet/graphics/emojis/ring.png
Objects,trophy,,http://www.webpagefx.com/tools/emoji-cheat-sheet/graphics/emojis/trophy.png
Objects,musical_score,,http://www.webpagefx.com/tools/emoji-cheat-sheet/graphics/emojis/musical_score.png
Objects,musical_keyboard,,http://www.webpagefx.com/tools/emoji-cheat-sheet/graphics/emojis/musical_keyboard.png
Objects,violin,,http://www.webpagefx.com/tools/emoji-cheat-sheet/graphics/emojis/violin.png
Objects,space_invader,,http://www.webpagefx.com/tools/emoji-cheat-sheet/graphics/emojis/space_invader.png
Objects,video_game,,http://www.webpagefx.com/tools/emoji-cheat-sheet/graphics/emojis/video_game.png
Objects,black_joker,,http://www.webpagefx.com/tools/emoji-cheat-sheet/graphics/emojis/black_joker.png
Objects,flower_playing_cards,,http://www.webpagefx.com/tools/emoji-cheat-sheet/graphics/emojis/flower_playing_cards.png
Objects,game_die,,http://www.webpagefx.com/tools/emoji-cheat-sheet/graphics/emojis/game_die.png
Objects,dart,,http://www.webpagefx.com/tools/emoji-cheat-sheet/graphics/emojis/dart.png
Objects,mahjong,,http://www.webpagefx.com/tools/emoji-cheat-sheet/graphics/emojis/mahjong.png
Objects,clapper,,http://www.webpagefx.com/tools/emoji-cheat-sheet/graphics/emojis/clapper.png
Objects,memo,,http://www.webpagefx.com/tools/emoji-cheat-sheet/graphics/emojis/memo.png
Objects,pencil,,http://www.webpagefx.com/tools/emoji-cheat-sheet/graphics/emojis/pencil.png
Objects,book,,http://www.webpagefx.com/tools/emoji-cheat-sheet/graphics/emojis/book.png
Objects,art,,http://www.webpagefx.com/tools/emoji-cheat-sheet/graphics/emojis/art.png
Objects,microphone,,http://www.webpagefx.com/tools/emoji-cheat-sheet/graphics/emojis/microphone.png
Objects,headphones,,http://www.webpagefx.com/tools/emoji-cheat-sheet/graphics/emojis/headphones.png
Objects,trumpet,,http://www.webpagefx.com/tools/emoji-cheat-sheet/graphics/emojis/trumpet.png
Objects,saxophone,,http://www.webpagefx.com/tools/emoji-cheat-sheet/graphics/emojis/saxophone.png
Objects,guitar,,http://www.webpagefx.com/tools/emoji-cheat-sheet/graphics/emojis/guitar.png
Objects,shoe,,http://www.webpagefx.com/tools/emoji-cheat-sheet/graphics/emojis/shoe.png
Objects,sandal,,http://www.webpagefx.com/tools/emoji-cheat-sheet/graphics/emojis/sandal.png
Objects,high_heel,,http://www.webpagefx.com/tools/emoji-cheat-sheet/graphics/emojis/high_heel.png
Objects,lipstick,,http://www.webpagefx.com/tools/emoji-cheat-sheet/graphics/emojis/lipstick.png
Objects,boot,,http://www.webpagefx.com/tools/emoji-cheat-sheet/graphics/emojis/boot.png
Objects,shirt,,http://www.webpagefx.com/tools/emoji-cheat-sheet/graphics/emojis/shirt.png
Objects,tshirt,,http://www.webpagefx.com/tools/emoji-cheat-sheet/graphics/emojis/tshirt.png
Objects,necktie,,http://www.webpagefx.com/tools/emoji-cheat-sheet/graphics/emojis/necktie.png
Objects,womans_clothes,,http://www.webpagefx.com/tools/emoji-cheat-sheet/graphics/emojis/womans_clothes.png
Objects,dress,,http://www.webpagefx.com/tools/emoji-cheat-sheet/graphics/emojis/dress.png
Objects,running_shirt_with_sash,,http://www.webpagefx.com/tools/emoji-cheat-sheet/graphics/emojis/running_shirt_with_sash.png
Objects,jeans,,http://www.webpagefx.com/tools/emoji-cheat-sheet/graphics/emojis/jeans.png
Objects,kimono,,http://www.webpagefx.com/tools/emoji-cheat-sheet/graphics/emojis/kimono.png
Objects,bikini,,http://www.webpagefx.com/tools/emoji-cheat-sheet/graphics/emojis/bikini.png
Objects,ribbon,,http://www.webpagefx.com/tools/emoji-cheat-sheet/graphics/emojis/ribbon.png
Objects,tophat,,http://www.webpagefx.com/tools/emoji-cheat-sheet/graphics/emojis/tophat.png
Objects,crown,,http://www.webpagefx.com/tools/emoji-cheat-sheet/graphics/emojis/crown.png
Objects,womans_hat,,http://www.webpagefx.com/tools/emoji-cheat-sheet/graphics/emojis/womans_hat.png
Objects,mans_shoe,,http://www.webpagefx.com/tools/emoji-cheat-sheet/graphics/emojis/mans_shoe.png
Objects,closed_umbrella,,http://www.webpagefx.com/tools/emoji-cheat-sheet/graphics/emojis/closed_umbrella.png
Objects,briefcase,,http://www.webpagefx.com/tools/emoji-cheat-sheet/graphics/emojis/briefcase.png
Objects,handbag,,http://www.webpagefx.com/tools/emoji-cheat-sheet/graphics/emojis/handbag.png
Objects,pouch,,http://www.webpagefx.com/tools/emoji-cheat-sheet/graphics/emojis/pouch.png
Objects,purse,,http://www.webpagefx.com/tools/emoji-cheat-sheet/graphics/emojis/purse.png
Objects,eyeglasses,,http://www.webpagefx.com/tools/emoji-cheat-sheet/graphics/emojis/eyeglasses.png
Objects,fishing_pole_and_fish,,http://www.webpagefx.com/tools/emoji-cheat-sheet/graphics/emojis/fishing_pole_and_fish.png
Objects,coffee,,http://www.webpagefx.com/tools/emoji-cheat-sheet/graphics/emojis/coffee.png
Objects,tea,,http://www.webpagefx.com/tools/emoji-cheat-sheet/graphics/emojis/tea.png
Objects,sake,,http://www.webpagefx.com/tools/emoji-cheat-sheet/graphics/emojis/sake.png
Objects,baby_bottle,,http://www.webpagefx.com/tools/emoji-cheat-sheet/graphics/emojis/baby_bottle.png
Objects,beer,,http://www.webpagefx.com/tools/emoji-cheat-sheet/graphics/emojis/beer.png
Objects,beers,,http://www.webpagefx.com/tools/emoji-cheat-sheet/graphics/emojis/beers.png
Objects,cocktail,,http://www.webpagefx.com/tools/emoji-cheat-sheet/graphics/emojis/cocktail.png
Objects,tropical_drink,,http://www.webpagefx.com/tools/emoji-cheat-sheet/graphics/emojis/tropical_drink.png
Objects,wine_glass,,http://www.webpagefx.com/tools/emoji-cheat-sheet/graphics/emojis/wine_glass.png
Objects,fork_and_knife,,http://www.webpagefx.com/tools/emoji-cheat-sheet/graphics/emojis/fork_and_knife.png
Objects,pizza,,http://www.webpagefx.com/tools/emoji-cheat-sheet/graphics/emojis/pizza.png
Objects,hamburger,,http://www.webpagefx.com/tools/emoji-cheat-sheet/graphics/emojis/hamburger.png
Objects,fries,,http://www.webpagefx.com/tools/emoji-cheat-sheet/graphics/emojis/fries.png
Objects,poultry_leg,,http://www.webpagefx.com/tools/emoji-cheat-sheet/graphics/emojis/poultry_leg.png
Objects,meat_on_bone,,http://www.webpagefx.com/tools/emoji-cheat-sheet/graphics/emojis/meat_on_bone.png
Objects,spaghetti,,http://www.webpagefx.com/tools/emoji-cheat-sheet/graphics/emojis/spaghetti.png
Objects,curry,,http://www.webpagefx.com/tools/emoji-cheat-sheet/graphics/emojis/curry.png
Objects,fried_shrimp,,http://www.webpagefx.com/tools/emoji-cheat-sheet/graphics/emojis/fried_shrimp.png
Objects,bento,,http://www.webpagefx.com/tools/emoji-cheat-sheet/graphics/emojis/bento.png
Objects,sushi,,http://www.webpagefx.com/tools/emoji-cheat-sheet/graphics/emojis/sushi.png
Objects,fish_cake,,http://www.webpagefx.com/tools/emoji-cheat-sheet/graphics/emojis/fish_cake.png
Objects,rice_ball,,http://www.webpagefx.com/tools/emoji-cheat-sheet/graphics/emojis/rice_ball.png
Objects,rice_cracker,,http://www.webpagefx.com/tools/emoji-cheat-sheet/graphics/emojis/rice_cracker.png
Objects,rice,,http://www.webpagefx.com/tools/emoji-cheat-sheet/graphics/emojis/rice.png
Objects,ramen,,http://www.webpagefx.com/tools/emoji-cheat-sheet/graphics/emojis/ramen.png
Objects,stew,,http://www.webpagefx.com/tools/emoji-cheat-sheet/graphics/emojis/stew.png
Objects,oden,,http://www.webpagefx.com/tools/emoji-cheat-sheet/graphics/emojis/oden.png
Objects,dango,,http://www.webpagefx.com/tools/emoji-cheat-sheet/graphics/emojis/dango.png
Objects,egg,,http://www.webpagefx.com/tools/emoji-cheat-sheet/graphics/emojis/egg.png
Objects,bread,,http://www.webpagefx.com/tools/emoji-cheat-sheet/graphics/emojis/bread.png
Objects,doughnut,,http://www.webpagefx.com/tools/emoji-cheat-sheet/graphics/emojis/doughnut.png
Objects,custard,,http://www.webpagefx.com/tools/emoji-cheat-sheet/graphics/emojis/custard.png
Objects,icecream,,http://www.webpagefx.com/tools/emoji-cheat-sheet/graphics/emojis/icecream.png
Objects,ice_cream,,http://www.webpagefx.com/tools/emoji-cheat-sheet/graphics/emojis/ice_cream.png
Objects,shaved_ice,,http://www.webpagefx.com/tools/emoji-cheat-sheet/graphics/emojis/shaved_ice.png
Objects,birthday,,http://www.webpagefx.com/tools/emoji-cheat-sheet/graphics/emojis/birthday.png
Objects,cake,,http://www.webpagefx.com/tools/emoji-cheat-sheet/graphics/emojis/cake.png
Objects,cookie,,http://www.webpagefx.com/tools/emoji-cheat-sheet/graphics/emojis/cookie.png
Objects,chocolate_bar,,http://www.webpagefx.com/tools/emoji-cheat-sheet/graphics/emojis/chocolate_bar.png
Objects,candy,,http://www.webpagefx.com/tools/emoji-cheat-sheet/graphics/emojis/candy.png
Objects,lollipop,,http://www.webpagefx.com/tools/emoji-cheat-sheet/graphics/emojis/lollipop.png
Objects,honey_pot,,http://www.webpagefx.com/tools/emoji-cheat-sheet/graphics/emojis/honey_pot.png
Objects,apple,,http://www.webpagefx.com/tools/emoji-cheat-sheet/graphics/emojis/apple.png
Objects,green_apple,,http://www.webpagefx.com/tools/emoji-cheat-sheet/graphics/emojis/green_apple.png
Objects,tangerine,,http://www.webpagefx.com/tools/emoji-cheat-sheet/graphics/emojis/tangerine.png
Objects,lemon,,http://www.webpagefx.com/tools/emoji-cheat-sheet/graphics/emojis/lemon.png
Objects,cherries,,http://www.webpagefx.com/tools/emoji-cheat-sheet/graphics/emojis/cherries.png
Objects,grapes,,http://www.webpagefx.com/tools/emoji-cheat-sheet/graphics/emojis/grapes.png
Objects,watermelon,,http://www.webpagefx.com/tools/emoji-cheat-sheet/graphics/emojis/watermelon.png
Objects,strawberry,,http://www.webpagefx.com/tools/emoji-cheat-sheet/graphics/emojis/strawberry.png
Objects,peach,,http://www.webpagefx.com/tools/emoji-cheat-sheet/graphics/emojis/peach.png
Objects,melon,,http://www.webpagefx.com/tools/emoji-cheat-sheet/graphics/emojis/melon.png
Objects,banana,,http://www.webpagefx.com/tools/emoji-cheat-sheet/graphics/emojis/banana.png
Objects,pear,,http://www.webpagefx.com/tools/emoji-cheat-sheet/graphics/emojis/pear.png
Objects,pineapple,,http://www.webpagefx.com/tools/emoji-cheat-sheet/graphics/emojis/pineapple.png
Objects,sweet_potato,,http://www.webpagefx.com/tools/emoji-cheat-sheet/graphics/emojis/sweet_potato.png
Objects,eggplant,,http://www.webpagefx.com/tools/emoji-cheat-sheet/graphics/emojis/eggplant.png
Objects,tomato,,http://www.webpagefx.com/tools/emoji-cheat-sheet/graphics/emojis/tomato.png
Objects,corn,,http://www.webpagefx.com/tools/emoji-cheat-sheet/graphics/emojis/corn.png
Places,house,,http://www.webpagefx.com/tools/emoji-cheat-sheet/graphics/emojis/house.png
Places,house_with_garden,,http://www.webpagefx.com/tools/emoji-cheat-sheet/graphics/emojis/house_with_garden.png
Places,school,,http://www.webpagefx.com/tools/emoji-cheat-sheet/graphics/emojis/school.png
Places,office,,http://www.webpagefx.com/tools/emoji-cheat-sheet/graphics/emojis/office.png
Places,post_office,,http://www.webpagefx.com/tools/emoji-cheat-sheet/graphics/emojis/post_office.png
Places,hospital,,http://www.webpagefx.com/tools/emoji-cheat-sheet/graphics/emojis/hospital.png
Places,bank,,http://www.webpagefx.com/tools/emoji-cheat-sheet/graphics/emojis/bank.png
Places,convenience_store,,http://www.webpagefx.com/tools/emoji-cheat-sheet/graphics/emojis/convenience_store.png
Places,love_hotel,,http://www.webpagefx.com/tools/emoji-cheat-sheet/graphics/emojis/love_hotel.png
Places,hotel,,http://www.webpagefx.com/tools/emoji-cheat-sheet/graphics/emojis/hotel.png
Places,wedding,,http://www.webpagefx.com/tools/emoji-cheat-sheet/graphics/emojis/wedding.png
Places,church,,http://www.webpagefx.com/tools/emoji-cheat-sheet/graphics/emojis/church.png
Places,department_store,,http://www.webpagefx.com/tools/emoji-cheat-sheet/graphics/emojis/department_store.png
Places,european_post_office,,http://www.webpagefx.com/tools/emoji-cheat-sheet/graphics/emojis/european_post_office.png
Places,city_sunrise,,http://www.webpagefx.com/tools/emoji-cheat-sheet/graphics/emojis/city_sunrise.png
Places,city_sunset,,http://www.webpagefx.com/tools/emoji-cheat-sheet/graphics/emojis/city_sunset.png
Places,japanese_castle,,http://www.webpagefx.com/tools/emoji-cheat-sheet/graphics/emojis/japanese_castle.png
Places,european_castle,,http://www.webpagefx.com/tools/emoji-cheat-sheet/graphics/emojis/european_castle.png
Places,tent,,http://www.webpagefx.com/tools/emoji-cheat-sheet/graphics/emojis/tent.png
Places,factory,,http://www.webpagefx.com/tools/emoji-cheat-sheet/graphics/emojis/factory.png
Places,tokyo_tower,,http://www.webpagefx.com/tools/emoji-cheat-sheet/graphics/emojis/tokyo_tower.png
Places,japan,,http://www.webpagefx.com/tools/emoji-cheat-sheet/graphics/emojis/japan.png
Places,mount_fuji,,http://www.webpagefx.com/tools/emoji-cheat-sheet/graphics/emojis/mount_fuji.png
Places,sunrise_over_mountains,,http://www.webpagefx.com/tools/emoji-cheat-sheet/graphics/emojis/sunrise_over_mountains.png
Places,sunrise,,http://www.webpagefx.com/tools/emoji-cheat-sheet/graphics/emojis/sunrise.png
Places,stars,,http://www.webpagefx.com/tools/emoji-cheat-sheet/graphics/emojis/stars.png
Places,statue_of_liberty,,http://www.webpagefx.com/tools/emoji-cheat-sheet/graphics/emojis/statue_of_liberty.png
Places,bridge_at_night,,http://www.webpagefx.com/tools/emoji-cheat-sheet/graphics/emojis/bridge_at_night.png
Places,carousel_horse,,http://www.webpagefx.com/tools/emoji-cheat-sheet/graphics/emojis/carousel_horse.png
Places,rainbow,,http://www.webpagefx.com/tools/emoji-cheat-sheet/graphics/emojis/rainbow.png
Places,ferris_wheel,,http://www.webpagefx.com/tools/emoji-cheat-sheet/graphics/emojis/ferris_wheel.png
Places,fountain,,http://www.webpagefx.com/tools/emoji-cheat-sheet/graphics/emojis/fountain.png
Places,roller_coaster,,http://www.webpagefx.com/tools/emoji-cheat-sheet/graphics/emojis/roller_coaster.png
Places,ship,,http://www.webpagefx.com/tools/emoji-cheat-sheet/graphics/emojis/ship.png
Places,speedboat,,http://www.webpagefx.com/tools/emoji-cheat-sheet/graphics/emojis/speedboat.png
Places,boat,,http://www.webpagefx.com/tools/emoji-cheat-sheet/graphics/emojis/boat.png
Places,sailboat,,http://www.webpagefx.com/tools/emoji-cheat-sheet/graphics/emojis/sailboat.png
Places,rowboat,,http://www.webpagefx.com/tools/emoji-cheat-sheet/graphics/emojis/rowboat.png
Places,anchor,,http://www.webpagefx.com/tools/emoji-cheat-sheet/graphics/emojis/anchor.png
Places,rocket,,http://www.webpagefx.com/tools/emoji-cheat-sheet/graphics/emojis/rocket.png
Places,airplane,,http://www.webpagefx.com/tools/emoji-cheat-sheet/graphics/emojis/airplane.png
Places,helicopter,,http://www.webpagefx.com/tools/emoji-cheat-sheet/graphics/emojis/helicopter.png
Places,steam_locomotive,,http://www.webpagefx.com/tools/emoji-cheat-sheet/graphics/emojis/steam_locomotive.png
Places,tram,,http://www.webpagefx.com/tools/emoji-cheat-sheet/graphics/emojis/tram.png
Places,mountain_railway,,http://www.webpagefx.com/tools/emoji-cheat-sheet/graphics/emojis/mountain_railway.png
Places,bike,,http://www.webpagefx.com/tools/emoji-cheat-sheet/graphics/emojis/bike.png
Places,aerial_tramway,,http://www.webpagefx.com/tools/emoji-cheat-sheet/graphics/emojis/aerial_tramway.png
Places,suspension_railway,,http://www.webpagefx.com/tools/emoji-cheat-sheet/graphics/emojis/suspension_railway.png
Places,mountain_cableway,,http://www.webpagefx.com/tools/emoji-cheat-sheet/graphics/emojis/mountain_cableway.png
Places,tractor,,http://www.webpagefx.com/tools/emoji-cheat-sheet/graphics/emojis/tractor.png
Places,blue_car,,http://www.webpagefx.com/tools/emoji-cheat-sheet/graphics/emojis/blue_car.png
Places,oncoming_automobile,,http://www.webpagefx.com/tools/emoji-cheat-sheet/graphics/emojis/oncoming_automobile.png
Places,car,,http://www.webpagefx.com/tools/emoji-cheat-sheet/graphics/emojis/car.png
Places,red_car,,http://www.webpagefx.com/tools/emoji-cheat-sheet/graphics/emojis/red_car.png
Places,taxi,,http://www.webpagefx.com/tools/emoji-cheat-sheet/graphics/emojis/taxi.png
Places,oncoming_taxi,,http://www.webpagefx.com/tools/emoji-cheat-sheet/graphics/emojis/oncoming_taxi.png
Places,articulated_lorry,,http://www.webpagefx.com/tools/emoji-cheat-sheet/graphics/emojis/articulated_lorry.png
Places,bus,,http://www.webpagefx.com/tools/emoji-cheat-sheet/graphics/emojis/bus.png
Places,oncoming_bus,,http://www.webpagefx.com/tools/emoji-cheat-sheet/graphics/emojis/oncoming_bus.png
Places,rotating_light,,http://www.webpagefx.com/tools/emoji-cheat-sheet/graphics/emojis/rotating_light.png
Places,police_car,,http://www.webpagefx.com/tools/emoji-cheat-sheet/graphics/emojis/police_car.png
Places,oncoming_police_car,,http://www.webpagefx.com/tools/emoji-cheat-sheet/graphics/emojis/oncoming_police_car.png
Places,fire_engine,,http://www.webpagefx.com/tools/emoji-cheat-sheet/graphics/emojis/fire_engine.png
Places,ambulance,,http://www.webpagefx.com/tools/emoji-cheat-sheet/graphics/emojis/ambulance.png
Places,minibus,,http://www.webpagefx.com/tools/emoji-cheat-sheet/graphics/emojis/minibus.png
Places,truck,,http://www.webpagefx.com/tools/emoji-cheat-sheet/graphics/emojis/truck.png
Places,train,,http://www.webpagefx.com/tools/emoji-cheat-sheet/graphics/emojis/train.png
Places,station,,http://www.webpagefx.com/tools/emoji-cheat-sheet/graphics/emojis/station.png
Places,train2,,http://www.webpagefx.com/tools/emoji-cheat-sheet/graphics/emojis/train2.png
Places,bullettrain_front,,http://www.webpagefx.com/tools/emoji-cheat-sheet/graphics/emojis/bullettrain_front.png
Places,bullettrain_side,,http://www.webpagefx.com/tools/emoji-cheat-sheet/graphics/emojis/bullettrain_side.png
Places,light_rail,,http://www.webpagefx.com/tools/emoji-cheat-sheet/graphics/emojis/light_rail.png
Places,monorail,,http://www.webpagefx.com/tools/emoji-cheat-sheet/graphics/emojis/monorail.png
Places,railway_car,,http://www.webpagefx.com/tools/emoji-cheat-sheet/graphics/emojis/railway_car.png
Places,trolleybus,,http://www.webpagefx.com/tools/emoji-cheat-sheet/graphics/emojis/trolleybus.png
Places,ticket,,http://www.webpagefx.com/tools/emoji-cheat-sheet/graphics/emojis/ticket.png
Places,fuelpump,,http://www.webpagefx.com/tools/emoji-cheat-sheet/graphics/emojis/fuelpump.png
Places,vertical_traffic_light,,http://www.webpagefx.com/tools/emoji-cheat-sheet/graphics/emojis/vertical_traffic_light.png
Places,traffic_light,,http://www.webpagefx.com/tools/emoji-cheat-sheet/graphics/emojis/traffic_light.png
Places,warning,,http://www.webpagefx.com/tools/emoji-cheat-sheet/graphics/emojis/warning.png
Places,construction,,http://www.webpagefx.com/tools/emoji-cheat-sheet/graphics/emojis/construction.png
Places,beginner,,http://www.webpagefx.com/tools/emoji-cheat-sheet/graphics/emojis/beginner.png
Places,atm,,http://www.webpagefx.com/tools/emoji-cheat-sheet/graphics/emojis/atm.png
Places,slot_machine,,http://www.webpagefx.com/tools/emoji-cheat-sheet/graphics/emojis/slot_machine.png
Places,busstop,,http://www.webpagefx.com/tools/emoji-cheat-sheet/graphics/emojis/busstop.png
Places,barber,,http://www.webpagefx.com/tools/emoji-cheat-sheet/graphics/emojis/barber.png
Places,hotsprings,,http://www.webpagefx.com/tools/emoji-cheat-sheet/graphics/emojis/hotsprings.png
Places,checkered_flag,,http://www.webpagefx.com/tools/emoji-cheat-sheet/graphics/emojis/checkered_flag.png
Places,crossed_flags,,http://www.webpagefx.com/tools/emoji-cheat-sheet/graphics/emojis/crossed_flags.png
Places,izakaya_lantern,,http://www.webpagefx.com/tools/emoji-cheat-sheet/graphics/emojis/izakaya_lantern.png
Places,moyai,,http://www.webpagefx.com/tools/emoji-cheat-sheet/graphics/emojis/moyai.png
Places,circus_tent,,http://www.webpagefx.com/tools/emoji-cheat-sheet/graphics/emojis/circus_tent.png
Places,performing_arts,,http://www.webpagefx.com/tools/emoji-cheat-sheet/graphics/emojis/performing_arts.png
Places,round_pushpin,,http://www.webpagefx.com/tools/emoji-cheat-sheet/graphics/emojis/round_pushpin.png
Places,triangular_flag_on_post,,http://www.webpagefx.com/tools/emoji-cheat-sheet/graphics/emojis/triangular_flag_on_post.png
Places,jp,,http://www.webpagefx.com/tools/emoji-cheat-sheet/graphics/emojis/jp.png
Places,kr,,http://www.webpagefx.com/tools/emoji-cheat-sheet/graphics/emojis/kr.png
Places,cn,,http://www.webpagefx.com/tools/emoji-cheat-sheet/graphics/emojis/cn.png
Places,us,,http://www.webpagefx.com/tools/emoji-cheat-sheet/graphics/emojis/us.png
Places,fr,,http://www.webpagefx.com/tools/emoji-cheat-sheet/graphics/emojis/fr.png
Places,es,,http://www.webpagefx.com/tools/emoji-cheat-sheet/graphics/emojis/es.png
Places,it,,http://www.webpagefx.com/tools/emoji-cheat-sheet/graphics/emojis/it.png
Places,ru,,http://www.webpagefx.com/tools/emoji-cheat-sheet/graphics/emojis/ru.png
Places,gb,,http://www.webpagefx.com/tools/emoji-cheat-sheet/graphics/emojis/gb.png
Places,uk,,http://www.webpagefx.com/tools/emoji-cheat-sheet/graphics/emojis/uk.png
Places,de,,http://www.webpagefx.com/tools/emoji-cheat-sheet/graphics/emojis/de.png
Symbols,one,,http://www.webpagefx.com/tools/emoji-cheat-sheet/graphics/emojis/one.png
Symbols,two,,http://www.webpagefx.com/tools/emoji-cheat-sheet/graphics/emojis/two.png
Symbols,three,,http://www.webpagefx.com/tools/emoji-cheat-sheet/graphics/emojis/three.png
Symbols,four,,http://www.webpagefx.com/tools/emoji-cheat-sheet/graphics/emojis/four.png
Symbols,five,,http://www.webpagefx.com/tools/emoji-cheat-sheet/graphics/emojis/five.png
Symbols,six,,http://www.webpagefx.com/tools/emoji-cheat-sheet/graphics/emojis/six.png
Symbols,seven,,http://www.webpagefx.com/tools/emoji-cheat-sheet/graphics/emojis/seven.png
Symbols,eight,,http://www.webpagefx.com/tools/emoji-cheat-sheet/graphics/emojis/eight.png
Symbols,nine,,http://www.webpagefx.com/tools/emoji-cheat-sheet/graphics/emojis/nine.png
Symbols,keycap_ten,,http://www.webpagefx.com/tools/emoji-cheat-sheet/graphics/emojis/keycap_ten.png
Symbols,1234,,http://www.webpagefx.com/tools/emoji-cheat-sheet/graphics/emojis/1234.png
Symbols,zero,,http://www.webpagefx.com/tools/emoji-cheat-sheet/graphics/emojis/zero.png
Symbols,hash,,http://www.webpagefx.com/tools/emoji-cheat-sheet/graphics/emojis/hash.png
Symbols,symbols,,http://www.webpagefx.com/tools/emoji-cheat-sheet/graphics/emojis/symbols.png
Symbols,arrow_backward,,http://www.webpagefx.com/tools/emoji-cheat-sheet/graphics/emojis/arrow_backward.png
Symbols,arrow_down,,http://www.webpagefx.com/tools/emoji-cheat-sheet/graphics/emojis/arrow_down.png
Symbols,arrow_forward,,http://www.webpagefx.com/tools/emoji-cheat-sheet/graphics/emojis/arrow_forward.png
Symbols,arrow_left,,http://www.webpagefx.com/tools/emoji-cheat-sheet/graphics/emojis/arrow_left.png
Symbols,capital_abcd,,http://www.webpagefx.com/tools/emoji-cheat-sheet/graphics/emojis/capital_abcd.png
Symbols,abcd,,http://www.webpagefx.com/tools/emoji-cheat-sheet/graphics/emojis/abcd.png
Symbols,abc,,http://www.webpagefx.com/tools/emoji-cheat-sheet/graphics/emojis/abc.png
Symbols,arrow_lower_left,,http://www.webpagefx.com/tools/emoji-cheat-sheet/graphics/emojis/arrow_lower_left.png
Symbols,arrow_lower_right,,http://www.webpagefx.com/tools/emoji-cheat-sheet/graphics/emojis/arrow_lower_right.png
Symbols,arrow_right,,http://www.webpagefx.com/tools/emoji-cheat-sheet/graphics/emojis/arrow_right.png
Symbols,arrow_up,,http://www.webpagefx.com/tools/emoji-cheat-sheet/graphics/emojis/arrow_up.png
Symbols,arrow_upper_left,,http://www.webpagefx.com/tools/emoji-cheat-sheet/graphics/emojis/arrow_upper_left.png
Symbols,arrow_upper_right,,http://www.webpagefx.com/tools/emoji-cheat-sheet/graphics/emojis/arrow_upper_right.png
Symbols,arrow_double_down,,http://www.webpagefx.com/tools/emoji-cheat-sheet/graphics/emojis/arrow_double_down.png
Symbols,arrow_double_up,,http://www.webpagefx.com/tools/emoji-cheat-sheet/graphics/emojis/arrow_double_up.png
Symbols,arrow_down_small,,http://www.webpagefx.com/tools/emoji-cheat-sheet/graphics/emojis/arrow_down_small.png
Symbols,arrow_heading_down,,http://www.webpagefx.com/tools/emoji-cheat-sheet/graphics/emojis/arrow_heading_down.png
Symbols,arrow_heading_up,,http://www.webpagefx.com/tools/emoji-cheat-sheet/graphics/emojis/arrow_heading_up.png
Symbols,leftwards_arrow_with_hook,,http://www.webpagefx.com/tools/emoji-cheat-sheet/graphics/emojis/leftwards_arrow_with_hook.png
Symbols,arrow_right_hook,,http://www.webpagefx.com/tools/emoji-cheat-sheet/graphics/emojis/arrow_right_hook.png
Symbols,left_right_arrow,,http://www.webpagefx.com/tools/emoji-cheat-sheet/graphics/emojis/left_right_arrow.png
Symbols,arrow_up_down,,http://www.webpagefx.com/tools/emoji-cheat-sheet/graphics/emojis/arrow_up_down.png
Symbols,arrow_up_small,,http://www.webpagefx.com/tools/emoji-cheat-sheet/graphics/emojis/arrow_up_small.png
Symbols,arrows_clockwise,,http://www.webpagefx.com/tools/emoji-cheat-sheet/graphics/emojis/arrows_clockwise.png
Symbols,arrows_counterclockwise,,http://www.webpagefx.com/tools/emoji-cheat-sheet/graphics/emojis/arrows_counterclockwise.png
Symbols,rewind,,http://www.webpagefx.com/tools/emoji-cheat-sheet/graphics/emojis/rewind.png
Symbols,fast_forward,,http://www.webpagefx.com/tools/emoji-cheat-sheet/graphics/emojis/fast_forward.png
Symbols,information_source,,http://www.webpagefx.com/tools/emoji-cheat-sheet/graphics/emojis/information_source.png
Symbols,ok,,http://www.webpagefx.com/tools/emoji-cheat-sheet/graphics/emojis/ok.png
Symbols,twisted_rightwards_arrows,,http://www.webpagefx.com/tools/emoji-cheat-sheet/graphics/emojis/twisted_rightwards_arrows.png
Symbols,repeat,,http://www.webpagefx.com/tools/emoji-cheat-sheet/graphics/emojis/repeat.png
Symbols,repeat_one,,http://www.webpagefx.com/tools/emoji-cheat-sheet/graphics/emojis/repeat_one.png
Symbols,new,,http://www.webpagefx.com/tools/emoji-cheat-sheet/graphics/emojis/new.png
Symbols,top,,http://www.webpagefx.com/tools/emoji-cheat-sheet/graphics/emojis/top.png
Symbols,up,,http://www.webpagefx.com/tools/emoji-cheat-sheet/graphics/emojis/up.png
Symbols,cool,,http://www.webpagefx.com/tools/emoji-cheat-sheet/graphics/emojis/cool.png
Symbols,free,,http://www.webpagefx.com/tools/emoji-cheat-sheet/graphics/emojis/free.png
Symbols,ng,,http://www.webpagefx.com/tools/emoji-cheat-sheet/graphics/emojis/ng.png
Symbols,cinema,,http://www.webpagefx.com/tools/emoji-cheat-sheet/graphics/emojis/cinema.png
Symbols,koko,,http://www.webpagefx.com/tools/emoji-cheat-sheet/graphics/emojis/koko.png
Symbols,signal_strength,,http://www.webpagefx.com/tools/emoji-cheat-sheet/graphics/emojis/signal_strength.png
Symbols,u5272,,http://www.webpagefx.com/tools/emoji-cheat-sheet/graphics/emojis/u5272.png
Symbols,u5408,,http://www.webpagefx.com/tools/emoji-cheat-sheet/graphics/emojis/u5408.png
Symbols,u55b6,,http://www.webpagefx.com/tools/emoji-cheat-sheet/graphics/emojis/u55b6.png
Symbols,u6307,,http://www.webpagefx.com/tools/emoji-cheat-sheet/graphics/emojis/u6307.png
Symbols,u6708,,http://www.webpagefx.com/tools/emoji-cheat-sheet/graphics/emojis/u6708.png
Symbols,u6709,,http://www.webpagefx.com/tools/emoji-cheat-sheet/graphics/emojis/u6709.png
Symbols,u6e80,,http://www.webpagefx.com/tools/emoji-cheat-sheet/graphics/emojis/u6e80.png
Symbols,u7121,,http://www.webpagefx.com/tools/emoji-cheat-sheet/graphics/emojis/u7121.png
Symbols,u7533,,http://www.webpagefx.com/tools/emoji-cheat-sheet/graphics/emojis/u7533.png
Symbols,u7a7a,,http://www.webpagefx.com/tools/emoji-cheat-sheet/graphics/emojis/u7a7a.png
Symbols,u7981,,http://www.webpagefx.com/tools/emoji-cheat-sheet/graphics/emojis/u7981.png
Symbols,sa,,http://www.webpagefx.com/tools/emoji-cheat-sheet/graphics/emojis/sa.png
Symbols,restroom,,http://www.webpagefx.com/tools/emoji-cheat-sheet/graphics/emojis/restroom.png
Symbols,mens,,http://www.webpagefx.com/tools/emoji-cheat-sheet/graphics/emojis/mens.png
Symbols,womens,,http://www.webpagefx.com/tools/emoji-cheat-sheet/graphics/emojis/womens.png
Symbols,baby_symbol,,http://www.webpagefx.com/tools/emoji-cheat-sheet/graphics/emojis/baby_symbol.png
Symbols,no_smoking,,http://www.webpagefx.com/tools/emoji-cheat-sheet/graphics/emojis/no_smoking.png
Symbols,parking,,http://www.webpagefx.com/tools/emoji-cheat-sheet/graphics/emojis/parking.png
Symbols,wheelchair,,http://www.webpagefx.com/tools/emoji-cheat-sheet/graphics/emojis/wheelchair.png
Symbols,metro,,http://www.webpagefx.com/tools/emoji-cheat-sheet/graphics/emojis/metro.png
Symbols,baggage_claim,,http://www.webpagefx.com/tools/emoji-cheat-sheet/graphics/emojis/baggage_claim.png
Symbols,accept,,http://www.webpagefx.com/tools/emoji-cheat-sheet/graphics/emojis/accept.png
Symbols,wc,,http://www.webpagefx.com/tools/emoji-cheat-sheet/graphics/emojis/wc.png
Symbols,potable_water,,http://www.webpagefx.com/tools/emoji-cheat-sheet/graphics/emojis/potable_water.png
Symbols,put_litter_in_its_place,,http://www.webpagefx.com/tools/emoji-cheat-sheet/graphics/emojis/put_litter_in_its_place.png
Symbols,secret,,http://www.webpagefx.com/tools/emoji-cheat-sheet/graphics/emojis/secret.png
Symbols,congratulations,,http://www.webpagefx.com/tools/emoji-cheat-sheet/graphics/emojis/congratulations.png
Symbols,m,,http://www.webpagefx.com/tools/emoji-cheat-sheet/graphics/emojis/m.png
Symbols,passport_control,,http://www.webpagefx.com/tools/emoji-cheat-sheet/graphics/emojis/passport_control.png
Symbols,left_luggage,,http://www.webpagefx.com/tools/emoji-cheat-sheet/graphics/emojis/left_luggage.png
Symbols,customs,,http://www.webpagefx.com/tools/emoji-cheat-sheet/graphics/emojis/customs.png
Symbols,ideograph_advantage,,http://www.webpagefx.com/tools/emoji-cheat-sheet/graphics/emojis/ideograph_advantage.png
Symbols,cl,,http://www.webpagefx.com/tools/emoji-cheat-sheet/graphics/emojis/cl.png
Symbols,sos,,http://www.webpagefx.com/tools/emoji-cheat-sheet/graphics/emojis/sos.png
Symbols,id,,http://www.webpagefx.com/tools/emoji-cheat-sheet/graphics/emojis/id.png
Symbols,no_entry_sign,,http://www.webpagefx.com/tools/emoji-cheat-sheet/graphics/emojis/no_entry_sign.png
Symbols,underage,,http://www.webpagefx.com/tools/emoji-cheat-sheet/graphics/emojis/underage.png
Symbols,no_mobile_phones,,http://www.webpagefx.com/tools/emoji-cheat-sheet/graphics/emojis/no_mobile_phones.png
Symbols,do_not_litter,,http://www.webpagefx.com/tools/emoji-cheat-sheet/graphics/emojis/do_not_litter.png
Symbols,non-potable_water,,http://www.webpagefx.com/tools/emoji-cheat-sheet/graphics/emojis/non-potable_water.png
Symbols,no_bicycles,,http://www.webpagefx.com/tools/emoji-cheat-sheet/graphics/emojis/no_bicycles.png
Symbols,no_pedestrians,,http://www.webpagefx.com/tools/emoji-cheat-sheet/graphics/emojis/no_pedestrians.png
Symbols,children_crossing,,http://www.webpagefx.com/tools/emoji-cheat-sheet/graphics/emojis/children_crossing.png
Symbols,no_entry,,http://www.webpagefx.com/tools/emoji-cheat-sheet/graphics/emojis/no_entry.png
Symbols,eight_spoked_asterisk,,http://www.webpagefx.com/tools/emoji-cheat-sheet/graphics/emojis/eight_spoked_asterisk.png
Symbols,sparkle,,http://www.webpagefx.com/tools/emoji-cheat-sheet/graphics/emojis/sparkle.png
Symbols,eight_pointed_black_star,,http://www.webpagefx.com/tools/emoji-cheat-sheet/graphics/emojis/eight_pointed_black_star.png
Symbols,heart_decoration,,http://www.webpagefx.com/tools/emoji-cheat-sheet/graphics/emojis/heart_decoration.png
Symbols,vs,,http://www.webpagefx.com/tools/emoji-cheat-sheet/graphics/emojis/vs.png
Symbols,vibration_mode,,http://www.webpagefx.com/tools/emoji-cheat-sheet/graphics/emojis/vibration_mode.png
Symbols,mobile_phone_off,,http://www.webpagefx.com/tools/emoji-cheat-sheet/graphics/emojis/mobile_phone_off.png
Symbols,chart,,http://www.webpagefx.com/tools/emoji-cheat-sheet/graphics/emojis/chart.png
Symbols,currency_exchange,,http://www.webpagefx.com/tools/emoji-cheat-sheet/graphics/emojis/currency_exchange.png
Symbols,aries,,http://www.webpagefx.com/tools/emoji-cheat-sheet/graphics/emojis/aries.png
Symbols,taurus,,http://www.webpagefx.com/tools/emoji-cheat-sheet/graphics/emojis/taurus.png
Symbols,gemini,,http://www.webpagefx.com/tools/emoji-cheat-sheet/graphics/emojis/gemini.png
Symbols,cancer,,http://www.webpagefx.com/tools/emoji-cheat-sheet/graphics/emojis/cancer.png
Symbols,leo,,http://www.webpagefx.com/tools/emoji-cheat-sheet/graphics/emojis/leo.png
Symbols,virgo,,http://www.webpagefx.com/tools/emoji-cheat-sheet/graphics/emojis/virgo.png
Symbols,libra,,http://www.webpagefx.com/tools/emoji-cheat-sheet/graphics/emojis/libra.png
Symbols,scorpius,,http://www.webpagefx.com/tools/emoji-cheat-sheet/graphics/emojis/scorpius.png
Symbols,sagittarius,,http://www.webpagefx.com/tools/emoji-cheat-sheet/graphics/emojis/sagittarius.png
Symbols,capricorn,,http://www.webpagefx.com/tools/emoji-cheat-sheet/graphics/emojis/capricorn.png
Symbols,aquarius,,http://www.webpagefx.com/tools/emoji-cheat-sheet/graphics/emojis/aquarius.png
Symbols,pisces,,http://www.webpagefx.com/tools/emoji-cheat-sheet/graphics/emojis/pisces.png
Symbols,ophiuchus,,http://www.webpagefx.com/tools/emoji-cheat-sheet/graphics/emojis/ophiuchus.png
Symbols,six_pointed_star,,http://www.webpagefx.com/tools/emoji-cheat-sheet/graphics/emojis/six_pointed_star.png
Symbols,negative_squared_cross_mark,,http://www.webpagefx.com/tools/emoji-cheat-sheet/graphics/emojis/negative_squared_cross_mark.png
Symbols,a,,http://www.webpagefx.com/tools/emoji-cheat-sheet/graphics/emojis/a.png
Symbols,b,,http://www.webpagefx.com/tools/emoji-cheat-sheet/graphics/emojis/b.png
Symbols,ab,,http://www.webpagefx.com/tools/emoji-cheat-sheet/graphics/emojis/ab.png
Symbols,o2,,http://www.webpagefx.com/tools/emoji-cheat-sheet/graphics/emojis/o2.png
Symbols,diamond_shape_with_a_dot_inside,,http://www.webpagefx.com/tools/emoji-cheat-sheet/graphics/emojis/diamond_shape_with_a_dot_inside.png
Symbols,recycle,,http://www.webpagefx.com/tools/emoji-cheat-sheet/graphics/emojis/recycle.png
Symbols,end,,http://www.webpagefx.com/tools/emoji-cheat-sheet/graphics/emojis/end.png
Symbols,back,,http://www.webpagefx.com/tools/emoji-cheat-sheet/graphics/emojis/back.png
Symbols,on,,http://www.webpagefx.com/tools/emoji-cheat-sheet/graphics/emojis/on.png
Symbols,soon,,http://www.webpagefx.com/tools/emoji-cheat-sheet/graphics/emojis/soon.png
Symbols,clock1,,http://www.webpagefx.com/tools/emoji-cheat-sheet/graphics/emojis/clock1.png
Symbols,clock130,,http://www.webpagefx.com/tools/emoji-cheat-sheet/graphics/emojis/clock130.png
Symbols,clock10,,http://www.webpagefx.com/tools/emoji-cheat-sheet/graphics/emojis/clock10.png
Symbols,clock1030,,http://www.webpagefx.com/tools/emoji-cheat-sheet/graphics/emojis/clock1030.png
Symbols,clock11,,http://www.webpagefx.com/tools/emoji-cheat-sheet/graphics/emojis/clock11.png
Symbols,clock1130,,http://www.webpagefx.com/tools/emoji-cheat-sheet/graphics/emojis/clock1130.png
Symbols,clock12,,http://www.webpagefx.com/tools/emoji-cheat-sheet/graphics/emojis/clock12.png
Symbols,clock1230,,http://www.webpagefx.com/tools/emoji-cheat-sheet/graphics/emojis/clock1230.png
Symbols,clock2,,http://www.webpagefx.com/tools/emoji-cheat-sheet/graphics/emojis/clock2.png
Symbols,clock230,,http://www.webpagefx.com/tools/emoji-cheat-sheet/graphics/emojis/clock230.png
Symbols,clock3,,http://www.webpagefx.com/tools/emoji-cheat-sheet/graphics/emojis/clock3.png
Symbols,clock330,,http://www.webpagefx.com/tools/emoji-cheat-sheet/graphics/emojis/clock330.png
Symbols,clock4,,http://www.webpagefx.com/tools/emoji-cheat-sheet/graphics/emojis/clock4.png
Symbols,clock430,,http://www.webpagefx.com/tools/emoji-cheat-sheet/graphics/emojis/clock430.png
Symbols,clock5,,http://www.webpagefx.com/tools/emoji-cheat-sheet/graphics/emojis/clock5.png
Symbols,clock530,,http://www.webpagefx.com/tools/emoji-cheat-sheet/graphics/emojis/clock530.png
Symbols,clock6,,http://www.webpagefx.com/tools/emoji-cheat-sheet/graphics/emojis/clock6.png
Symbols,clock630,,http://www.webpagefx.com/tools/emoji-cheat-sheet/graphics/emojis/clock630.png
Symbols,clock7,,http://www.webpagefx.com/tools/emoji-cheat-sheet/graphics/emojis/clock7.png
Symbols,clock730,,http://www.webpagefx.com/tools/emoji-cheat-sheet/graphics/emojis/clock730.png
Symbols,clock8,,http://www.webpagefx.com/tools/emoji-cheat-sheet/graphics/emojis/clock8.png
Symbols,clock830,,http://www.webpagefx.com/tools/emoji-cheat-sheet/graphics/emojis/clock830.png
Symbols,clock9,,http://www.webpagefx.com/tools/emoji-cheat-sheet/graphics/emojis/clock9.png
Symbols,clock930,,http://www.webpagefx.com/tools/emoji-cheat-sheet/graphics/emojis/clock930.png
Symbols,heavy_dollar_sign,,http://www.webpagefx.com/tools/emoji-cheat-sheet/graphics/emojis/heavy_dollar_sign.png
Symbols,copyright,,http://www.webpagefx.com/tools/emoji-cheat-sheet/graphics/emojis/copyright.png
Symbols,registered,,http://www.webpagefx.com/tools/emoji-cheat-sheet/graphics/emojis/registered.png
Symbols,tm,,http://www.webpagefx.com/tools/emoji-cheat-sheet/graphics/emojis/tm.png
Symbols,x,,http://www.webpagefx.com/tools/emoji-cheat-sheet/graphics/emojis/x.png
Symbols,heavy_exclamation_mark,,http://www.webpagefx.com/tools/emoji-cheat-sheet/graphics/emojis/heavy_exclamation_mark.png
Symbols,bangbang,,http://www.webpagefx.com/tools/emoji-cheat-sheet/graphics/emojis/bangbang.png
Symbols,interrobang,,http://www.webpagefx.com/tools/emoji-cheat-sheet/graphics/emojis/interrobang.png
Symbols,o,,http://www.webpagefx.com/tools/emoji-cheat-sheet/graphics/emojis/o.png
Symbols,heavy_multiplication_x,,http://www.webpagefx.com/tools/emoji-cheat-sheet/graphics/emojis/heavy_multiplication_x.png
Symbols,heavy_plus_sign,,http://www.webpagefx.com/tools/emoji-cheat-sheet/graphics/emojis/heavy_plus_sign.png
Symbols,heavy_minus_sign,,http://www.webpagefx.com/tools/emoji-cheat-sheet/graphics/emojis/heavy_minus_sign.png
Symbols,heavy_division_sign,,http://www.webpagefx.com/tools/emoji-cheat-sheet/graphics/emojis/heavy_division_sign.png
Symbols,white_flower,,http://www.webpagefx.com/tools/emoji-cheat-sheet/graphics/emojis/white_flower.png
Symbols,100,,http://www.webpagefx.com/tools/emoji-cheat-sheet/graphics/emojis/100.png
Symbols,heavy_check_mark,,http://www.webpagefx.com/tools/emoji-cheat-sheet/graphics/emojis/heavy_check_mark.png
Symbols,ballot_box_with_check,,http://www.webpagefx.com/tools/emoji-cheat-sheet/graphics/emojis/ballot_box_with_check.png
Symbols,radio_button,,http://www.webpagefx.com/tools/emoji-cheat-sheet/graphics/emojis/radio_button.png
Symbols,link,,http://www.webpagefx.com/tools/emoji-cheat-sheet/graphics/emojis/link.png
Symbols,curly_loop,,http://www.webpagefx.com/tools/emoji-cheat-sheet/graphics/emojis/curly_loop.png
Symbols,wavy_dash,,http://www.webpagefx.com/tools/emoji-cheat-sheet/graphics/emojis/wavy_dash.png
Symbols,part_alternation_mark,,http://www.webpagefx.com/tools/emoji-cheat-sheet/graphics/emojis/part_alternation_mark.png
Symbols,trident,,http://www.webpagefx.com/tools/emoji-cheat-sheet/graphics/emojis/trident.png
Symbols,black_small_square,,http://www.webpagefx.com/tools/emoji-cheat-sheet/graphics/emojis/black_small_square.png
Symbols,white_small_square,,http://www.webpagefx.com/tools/emoji-cheat-sheet/graphics/emojis/white_small_square.png
Symbols,black_medium_small_square,,http://www.webpagefx.com/tools/emoji-cheat-sheet/graphics/emojis/black_medium_small_square.png
Symbols,white_medium_small_square,,http://www.webpagefx.com/tools/emoji-cheat-sheet/graphics/emojis/white_medium_small_square.png
Symbols,black_medium_square,,http://www.webpagefx.com/tools/emoji-cheat-sheet/graphics/emojis/black_medium_square.png
Symbols,white_medium_square,,http://www.webpagefx.com/tools/emoji-cheat-sheet/graphics/emojis/white_medium_square.png
Symbols,black_large_square,,http://www.webpagefx.com/tools/emoji-cheat-sheet/graphics/emojis/black_square.png
Symbols,white_large_square,,http://www.webpagefx.com/tools/emoji-cheat-sheet/graphics/emojis/white_large_square.png
Symbols,white_check_mark,,http://www.webpagefx.com/tools/emoji-cheat-sheet/graphics/emojis/white_check_mark.png
Symbols,black_square_button,,http://www.webpagefx.com/tools/emoji-cheat-sheet/graphics/emojis/black_square_button.png
Symbols,white_square_button,,http://www.webpagefx.com/tools/emoji-cheat-sheet/graphics/emojis/white_square_button.png
Symbols,black_circle,,http://www.webpagefx.com/tools/emoji-cheat-sheet/graphics/emojis/black_circle.png
Symbols,white_circle,,http://www.webpagefx.com/tools/emoji-cheat-sheet/graphics/emojis/white_circle.png
Symbols,red_circle,,http://www.webpagefx.com/tools/emoji-cheat-sheet/graphics/emojis/red_circle.png
Symbols,large_blue_circle,,http://www.webpagefx.com/tools/emoji-cheat-sheet/graphics/emojis/large_blue_circle.png
Symbols,large_blue_diamond,,http://www.webpagefx.com/tools/emoji-cheat-sheet/graphics/emojis/large_blue_diamond.png
Symbols,large_orange_diamond,,http://www.webpagefx.com/tools/emoji-cheat-sheet/graphics/emojis/large_orange_diamond.png
Symbols,small_blue_diamond,,http://www.webpagefx.com/tools/emoji-cheat-sheet/graphics/emojis/small_blue_diamond.png
Symbols,small_orange_diamond,,http://www.webpagefx.com/tools/emoji-cheat-sheet/graphics/emojis/small_orange_diamond.png
Symbols,small_red_triangle,,http://www.webpagefx.com/tools/emoji-cheat-sheet/graphics/emojis/small_red_triangle.png
Symbols,small_red_triangle_down,,http://www.webpagefx.com/tools/emoji-cheat-sheet/graphics/emojis/small_red_triangle_down.png
Symbols,shipit,,http://www.webpagefx.com/tools/emoji-cheat-sheet/graphics/emojis/shipit.png
Campfire also supports a few sounds,/play secret,,
Campfire also supports a few sounds,/play trombone,,
Campfire also supports a few sounds,/play crickets,,
Campfire also supports a few sounds,/play rimshot,,
Campfire also supports a few sounds,/play vuvuzela,,
Campfire also supports a few sounds,/play tmyk,,
Campfire also supports a few sounds,/play live,,
Campfire also supports a few sounds,/play drama,,
Campfire also supports a few sounds,/play yeah,,
Campfire also supports a few sounds,/play greatjob,,
Campfire also supports a few sounds,/play pushit,,
Campfire also supports a few sounds,/play nyan,,
Campfire also supports a few sounds,/play tada,,
Campfire also supports a few sounds,/play ohmy,,
Campfire also supports a few sounds,/play bueller,,
Campfire also supports a few sounds,/play ohyeah,,
Campfire also supports a few sounds,/play 56k,,
Campfire also supports a few sounds,/play dangerzone,,
Campfire also supports a few sounds,/play horn,,
Campfire also supports a few sounds,/play horror,,
Campfire also supports a few sounds,/play loggins,,
Campfire also supports a few sounds,/play yodel,,
Campfire also supports a few sounds,/play sax,,
Campfire also supports a few sounds,/play noooo,,
Campfire also supports a few sounds,/play heygirl,,
Campfire also supports a few sounds,/play inconceivable,,
Campfire also supports a few sounds,/play deeper,,
Campfire also supports a few sounds,/play whoomp,,
Campfire also supports a few sounds,/play clowntown,,
Campfire also supports a few sounds,/play what,,
Campfire also supports a few sounds,/play bezos,,
Campfire also supports a few sounds,/play trololo,,
Campfire also supports a few sounds,/play makeitso,,
Campfire also supports a few sounds,/play sexyback,,
Campfire also supports a few sounds,/play bell,,
Campfire also supports a few sounds,/play danielsan,,
Campfire also supports a few sounds,/play greyjoy,,
Campfire also supports a few sounds,/play story,,
Campfire also supports a few sounds,/play dadgummit,,
Campfire also supports a few sounds,/play rollout,,
Campfire also supports a few sounds,/play cottoneyejoe,,
Campfire also supports a few sounds,/play rumble,,
Campfire also supports a few sounds,/play guarantee,,
Campfire also supports a few sounds,/play unix,,
Campfire also supports a few sounds,/play letitgo,,
Campfire also supports a few sounds,/play wups,,
Campfire also supports a few sounds,/play flawless,,
Campfire also supports a few sounds,/play butts,,
